"STATION","NAME","LATITUDE","LONGITUDE","ELEVATION","DATE","AWND","AWND_ATTRIBUTES","PRCP","PRCP_ATTRIBUTES","SNOW","SNOW_ATTRIBUTES","TAVG","TAVG_ATTRIBUTES","TMAX","TMAX_ATTRIBUTES","TMIN","TMIN_ATTRIBUTES"
"USW00094846","CHICAGO OHARE INTERNATIONAL AIRPORT, IL US","41.995","-87.9336","201.8","2017-01-01","4.92",",,W","0.00",",,W,2400","0.0",",,W","27","H,,S","40",",,W","17",",,W"
"USW00094846","CHICAGO OHARE INTERNATIONAL AIRPORT, IL US","41.995","-87.9336","201.8","2017-01-02","6.26",",,W","0.11",",,W,2400","0.0",",,W","34","H,,S","40",",,W","25",",,W"
"USW00094846","CHICAGO OHARE INTERNATIONAL AIRPORT, IL US","41.995","-87.9336","201.8","2017-01-03","10.07",",,W","0.00","T,,W,2400","0.0",",,W","38","H,,S","39",",,W","19",",,W"
"USW00094846","CHICAGO OHARE INTERNATIONAL AIRPORT, IL US","41.995","-87.9336","201.8","2017-01-04","17.00",",,W","0.00",",,W,2400","0.0",",,W","18","H,,S","19",",,W","7",",,W"
"USW00094846","CHICAGO OHARE INTERNATIONAL AIRPORT, IL US","41.995","-87.9336","201.8","2017-01-05","12.75",",,W","0.00","T,,W,2400","0.0","T,,W","9","H,,S","13",",,W","3",",,W"
"USW00094846","CHICAGO OHARE INTERNATIONAL AIRPORT, IL US","41.995","-87.9336","201.8","2017-01-06","10.07",",,W","0.00","T,,W,2400","0.0","T,,W","4","H,,S","9",",,W","0",",,W"
"USW00094846","CHICAGO OHARE INTERNATIONAL AIRPORT, IL US","41.995","-87.9336","201.8","2017-01-07","10.74",",,W","0.00",",,W,2400","0.0",",,W","6","H,,S","18",",,W","0",",,W"
"USW00094846","CHICAGO OHARE INTERNATIONAL AIRPORT, IL US","41.995","-87.9336","201.8","2017-01-08","9.62",",,W","0.00",",,W,2400","0.0",",,W","9","H,,S","19",",,W","2",",,W"
"USW00094846","CHICAGO OHARE INTERNATIONAL AIRPORT, IL US","41.995","-87.9336","201.8","2017-01-09","12.97",",,W","0.02",",,W,2400","0.2",",,W","22","H,,S","33",",,W","19",",,W"
"USW00094846","CHICAGO OHARE INTERNATIONAL AIRPORT, IL US","41.995","-87.9336","201.8","2017-01-10","23.26",",,W","0.20",",,W,2400","0.0",",,W","38","H,,S","51",",,W","25",",,W"
"USW00094846","CHICAGO OHARE INTERNATIONAL AIRPORT, IL US","41.995","-87.9336","201.8","2017-01-11","12.08",",,W","0.33",",,W,2400","0.0",",,W","32","H,,S","43",",,W","25",",,W"
"USW00094846","CHICAGO OHARE INTERNATIONAL AIRPORT, IL US","41.995","-87.9336","201.8","2017-01-12","11.18",",,W","0.05",",,W,2400","0.2",",,W","26","H,,S","28",",,W","19",",,W"
"USW00094846","CHICAGO OHARE INTERNATIONAL AIRPORT, IL US","41.995","-87.9336","201.8","2017-01-13","8.95",",,W","0.00",",,W,2400","0.0",",,W","20","H,,S","27",",,W","16",",,W"
"USW00094846","CHICAGO OHARE INTERNATIONAL AIRPORT, IL US","41.995","-87.9336","201.8","2017-01-14","4.70",",,W","0.00",",,W,2400","0.0",",,W","29","H,,S","35",",,W","21",",,W"
"USW00094846","CHICAGO OHARE INTERNATIONAL AIRPORT, IL US","41.995","-87.9336","201.8","2017-01-15","2.24",",,W","0.00",",,W,2400","0.0",",,W","26","H,,S","36",",,W","20",",,W"
"USW00094846","CHICAGO OHARE INTERNATIONAL AIRPORT, IL US","41.995","-87.9336","201.8","2017-01-16","5.82",",,W","0.90",",,W,2400","0.0","T,,W","33","H,,S","37",",,W","30",",,W"
"USW00094846","CHICAGO OHARE INTERNATIONAL AIRPORT, IL US","41.995","-87.9336","201.8","2017-01-17","9.62",",,W","0.48",",,W,2400","0.0",",,W","37","H,,S","39",",,W","35",",,W"
"USW00094846","CHICAGO OHARE INTERNATIONAL AIRPORT, IL US","41.995","-87.9336","201.8","2017-01-18","9.62",",,W","0.00","T,,W,2400","0.0",",,W","35","H,,S","36",",,W","30",",,W"
"USW00094846","CHICAGO OHARE INTERNATIONAL AIRPORT, IL US","41.995","-87.9336","201.8","2017-01-19","6.71",",,W","0.46",",,W,2400","0.0",",,W","36","H,,S","42",",,W","30",",,W"
"USW00094846","CHICAGO OHARE INTERNATIONAL AIRPORT, IL US","41.995","-87.9336","201.8","2017-01-20","5.82",",,W","0.18",",,W,2400","0.0",",,W","39","H,,S","43",",,W","38",",,W"
"USW00094846","CHICAGO OHARE INTERNATIONAL AIRPORT, IL US","41.995","-87.9336","201.8","2017-01-21","8.50",",,W","0.00","T,,W,2400","0.0",",,W","48","H,,S","59",",,W","40",",,W"
"USW00094846","CHICAGO OHARE INTERNATIONAL AIRPORT, IL US","41.995","-87.9336","201.8","2017-01-22","5.37",",,W","0.01",",,W,2400","0.0",",,W","43","H,,S","46",",,W","38",",,W"
"USW00094846","CHICAGO OHARE INTERNATIONAL AIRPORT, IL US","41.995","-87.9336","201.8","2017-01-23","9.40",",,W","0.00",",,W,2400","0.0",",,W","39","H,,S","42",",,W","36",",,W"
"USW00094846","CHICAGO OHARE INTERNATIONAL AIRPORT, IL US","41.995","-87.9336","201.8","2017-01-24","7.16",",,W","0.00","T,,W,2400","0.0",",,W","37","H,,S","38",",,W","34",",,W"
"USW00094846","CHICAGO OHARE INTERNATIONAL AIRPORT, IL US","41.995","-87.9336","201.8","2017-01-25","11.41",",,W","0.09",",,W,2400","0.0","T,,W","37","H,,S","42",",,W","34",",,W"
"USW00094846","CHICAGO OHARE INTERNATIONAL AIRPORT, IL US","41.995","-87.9336","201.8","2017-01-26","13.42",",,W","0.00","T,,W,2400","0.0","T,,W","33","H,,S","34",",,W","30",",,W"
"USW00094846","CHICAGO OHARE INTERNATIONAL AIRPORT, IL US","41.995","-87.9336","201.8","2017-01-27","14.76",",,W","0.00","T,,W,2400","0.0","T,,W","28","H,,S","31",",,W","24",",,W"
"USW00094846","CHICAGO OHARE INTERNATIONAL AIRPORT, IL US","41.995","-87.9336","201.8","2017-01-28","11.63",",,W","0.00","T,,W,2400","0.0","T,,W","27","H,,S","29",",,W","24",",,W"
"USW00094846","CHICAGO OHARE INTERNATIONAL AIRPORT, IL US","41.995","-87.9336","201.8","2017-01-29","10.51",",,W","0.00","T,,W,2400","0.1",",,W","27","H,,S","28",",,W","21",",,W"
"USW00094846","CHICAGO OHARE INTERNATIONAL AIRPORT, IL US","41.995","-87.9336","201.8","2017-01-30","10.07",",,W","0.01",",,W,2400","0.1",",,W","22","H,,S","37",",,W","15",",,W"
"USW00094846","CHICAGO OHARE INTERNATIONAL AIRPORT, IL US","41.995","-87.9336","201.8","2017-01-31","15.66",",,W","0.03",",,W,2400","0.0",",,W","36","H,,S","39",",,W","35",",,W"
"USW00094846","CHICAGO OHARE INTERNATIONAL AIRPORT, IL US","41.995","-87.9336","201.8","2017-02-01","12.30",",,W","0.00","T,,W,2400","0.0","T,,W","35","H,,S","38",",,W","21",",,W"
"USW00094846","CHICAGO OHARE INTERNATIONAL AIRPORT, IL US","41.995","-87.9336","201.8","2017-02-02","13.42",",,W","0.00",",,W,2400","0.0",",,W","21","H,,S","24",",,W","14",",,W"
"USW00094846","CHICAGO OHARE INTERNATIONAL AIRPORT, IL US","41.995","-87.9336","201.8","2017-02-03","10.51",",,W","0.00",",,W,2400","0.0",",,W","19","H,,S","28",",,W","14",",,W"
"USW00094846","CHICAGO OHARE INTERNATIONAL AIRPORT, IL US","41.995","-87.9336","201.8","2017-02-04","12.53",",,W","0.00",",,W,2400","0.0",",,W","22","H,,S","33",",,W","10",",,W"
"USW00094846","CHICAGO OHARE INTERNATIONAL AIRPORT, IL US","41.995","-87.9336","201.8","2017-02-05","8.72",",,W","0.00",",,W,2400","0.0",",,W","33","H,,S","38",",,W","24",",,W"
"USW00094846","CHICAGO OHARE INTERNATIONAL AIRPORT, IL US","41.995","-87.9336","201.8","2017-02-06","6.93",",,W","0.00","T,,W,2400","0.0",",,W","33","H,,S","55",",,W","21",",,W"
"USW00094846","CHICAGO OHARE INTERNATIONAL AIRPORT, IL US","41.995","-87.9336","201.8","2017-02-07","10.51",",,W","0.47",",,W,2400","0.0",",,W","44","H,,S","50",",,W","32",",,W"
"USW00094846","CHICAGO OHARE INTERNATIONAL AIRPORT, IL US","41.995","-87.9336","201.8","2017-02-08","11.18",",,W","0.00",",,W,2400","0.0",",,W","31","H,,S","32",",,W","19",",,W"
"USW00094846","CHICAGO OHARE INTERNATIONAL AIRPORT, IL US","41.995","-87.9336","201.8","2017-02-09","11.63",",,W","0.00",",,W,2400","0.0",",,W","19","H,,S","25",",,W","13",",,W"
"USW00094846","CHICAGO OHARE INTERNATIONAL AIRPORT, IL US","41.995","-87.9336","201.8","2017-02-10","13.65",",,W","0.00",",,W,2400","0.0",",,W","26","H,,S","41",",,W","18",",,W"
"USW00094846","CHICAGO OHARE INTERNATIONAL AIRPORT, IL US","41.995","-87.9336","201.8","2017-02-11","6.71",",,W","0.00",",,W,2400","0.0",",,W","41","H,,S","49",",,W","34",",,W"
"USW00094846","CHICAGO OHARE INTERNATIONAL AIRPORT, IL US","41.995","-87.9336","201.8","2017-02-12","15.88",",,W","0.00","T,,W,2400","0.0",",,W","39","H,,S","47",",,W","31",",,W"
"USW00094846","CHICAGO OHARE INTERNATIONAL AIRPORT, IL US","41.995","-87.9336","201.8","2017-02-13","10.29",",,W","0.00",",,W,2400","0.0",",,W","35","H,,S","44",",,W","25",",,W"
"USW00094846","CHICAGO OHARE INTERNATIONAL AIRPORT, IL US","41.995","-87.9336","201.8","2017-02-14","14.09",",,W","0.00",",,W,2400","0.0",",,W","40","H,,S","50",",,W","31",",,W"
"USW00094846","CHICAGO OHARE INTERNATIONAL AIRPORT, IL US","41.995","-87.9336","201.8","2017-02-15","11.18",",,W","0.00",",,W,2400","0.0",",,W","33","H,,S","35",",,W","26",",,W"
"USW00094846","CHICAGO OHARE INTERNATIONAL AIRPORT, IL US","41.995","-87.9336","201.8","2017-02-16","8.95",",,W","0.00",",,W,2400","0.0",",,W","33","H,,S","41",",,W","30",",,W"
"USW00094846","CHICAGO OHARE INTERNATIONAL AIRPORT, IL US","41.995","-87.9336","201.8","2017-02-17","8.05",",,W","0.00",",,W,2400","0.0",",,W","43","H,,S","67",",,W","27",",,W"
"USW00094846","CHICAGO OHARE INTERNATIONAL AIRPORT, IL US","41.995","-87.9336","201.8","2017-02-18","6.93",",,W","0.00",",,W,2400","0.0",",,W","58","H,,S","70",",,W","40",",,W"
"USW00094846","CHICAGO OHARE INTERNATIONAL AIRPORT, IL US","41.995","-87.9336","201.8","2017-02-19","3.80",",,W","0.00",",,W,2400","0.0",",,W","51","H,,S","69",",,W","35",",,W"
"USW00094846","CHICAGO OHARE INTERNATIONAL AIRPORT, IL US","41.995","-87.9336","201.8","2017-02-20","12.30",",,W","0.00",",,W,2400","0.0",",,W","53","H,,S","70",",,W","41",",,W"
"USW00094846","CHICAGO OHARE INTERNATIONAL AIRPORT, IL US","41.995","-87.9336","201.8","2017-02-21","6.49",",,W","0.04",",,W,2400","0.0",",,W","60","H,,S","66",",,W","49",",,W"
"USW00094846","CHICAGO OHARE INTERNATIONAL AIRPORT, IL US","41.995","-87.9336","201.8","2017-02-22","11.86",",,W","0.00",",,W,2400","0.0",",,W","58","H,,S","68",",,W","50",",,W"
"USW00094846","CHICAGO OHARE INTERNATIONAL AIRPORT, IL US","41.995","-87.9336","201.8","2017-02-23","12.53",",,W","0.21",",,W,2400","0.0",",,W","52","H,,S","59",",,W","38",",,W"
"USW00094846","CHICAGO OHARE INTERNATIONAL AIRPORT, IL US","41.995","-87.9336","201.8","2017-02-24","12.53",",,W","0.15",",,W,2400","0.0",",,W","39","H,,S","40",",,W","33",",,W"
"USW00094846","CHICAGO OHARE INTERNATIONAL AIRPORT, IL US","41.995","-87.9336","201.8","2017-02-25","13.87",",,W","0.00","T,,W,2400","0.0","T,,W","29","H,,S","33",",,W","23",",,W"
"USW00094846","CHICAGO OHARE INTERNATIONAL AIRPORT, IL US","41.995","-87.9336","201.8","2017-02-26","13.87",",,W","0.00","T,,W,2400","0.0",",,W","32","H,,S","49",",,W","21",",,W"
"USW00094846","CHICAGO OHARE INTERNATIONAL AIRPORT, IL US","41.995","-87.9336","201.8","2017-02-27","7.38",",,W","0.00",",,W,2400","0.0",",,W","41","H,,S","54",",,W","27",",,W"
"USW00094846","CHICAGO OHARE INTERNATIONAL AIRPORT, IL US","41.995","-87.9336","201.8","2017-02-28","13.65",",,W","0.65",",,W,2400","0.0",",,W","51","H,,S","60",",,W","47",",,W"
"USW00094846","CHICAGO OHARE INTERNATIONAL AIRPORT, IL US","41.995","-87.9336","201.8","2017-03-01","14.09",",,W","0.12",",,W,2400","0.0","T,,W","47","H,,S","54",",,W","32",",,W"
"USW00094846","CHICAGO OHARE INTERNATIONAL AIRPORT, IL US","41.995","-87.9336","201.8","2017-03-02","10.96",",,W","0.00","T,,W,2400","0.0","T,,W","32","H,,S","35",",,W","27",",,W"
"USW00094846","CHICAGO OHARE INTERNATIONAL AIRPORT, IL US","41.995","-87.9336","201.8","2017-03-03","10.29",",,W","0.00",",,W,2400","0.0",",,W","27","H,,S","33",",,W","21",",,W"
"USW00094846","CHICAGO OHARE INTERNATIONAL AIRPORT, IL US","41.995","-87.9336","201.8","2017-03-04","14.54",",,W","0.01",",,W,2400","0.1",",,W","33","H,,S","42",",,W","28",",,W"
"USW00094846","CHICAGO OHARE INTERNATIONAL AIRPORT, IL US","41.995","-87.9336","201.8","2017-03-05","14.54",",,W","0.00",",,W,2400","0.0",",,W","41","H,,S","60",",,W","32",",,W"
"USW00094846","CHICAGO OHARE INTERNATIONAL AIRPORT, IL US","41.995","-87.9336","201.8","2017-03-06","21.03",",,W","0.00","T,,W,2400","0.0",",,W","55","H,,S","65",",,W","52",",,W"
"USW00094846","CHICAGO OHARE INTERNATIONAL AIRPORT, IL US","41.995","-87.9336","201.8","2017-03-07","19.24",",,W","0.24",",,W,2400","0.0",",,W","55","H,,S","65",",,W","44",",,W"
"USW00094846","CHICAGO OHARE INTERNATIONAL AIRPORT, IL US","41.995","-87.9336","201.8","2017-03-08","22.15",",,W","0.00",",,W,2400","0.0",",,W","46","H,,S","53",",,W","40",",,W"
"USW00094846","CHICAGO OHARE INTERNATIONAL AIRPORT, IL US","41.995","-87.9336","201.8","2017-03-09","6.93",",,W","0.00",",,W,2400","0.0",",,W","39","H,,S","42",",,W","29",",,W"
"USW00094846","CHICAGO OHARE INTERNATIONAL AIRPORT, IL US","41.995","-87.9336","201.8","2017-03-10","14.54",",,W","0.00",",,W,2400","0.0",",,W","32","H,,S","36",",,W","23",",,W"
"USW00094846","CHICAGO OHARE INTERNATIONAL AIRPORT, IL US","41.995","-87.9336","201.8","2017-03-11","8.50",",,W","0.00",",,W,2400","0.0",",,W","24","H,,S","32",",,W","18",",,W"
"USW00094846","CHICAGO OHARE INTERNATIONAL AIRPORT, IL US","41.995","-87.9336","201.8","2017-03-12","6.93",",,W","0.05",",,W,2400","0.4",",,W","26","H,,S","36",",,W","18",",,W"
"USW00094846","CHICAGO OHARE INTERNATIONAL AIRPORT, IL US","41.995","-87.9336","201.8","2017-03-13","10.51",",,W","0.24",",,W,2400","3.9",",,W","29","H,,S","31",",,W","27",",,W"
"USW00094846","CHICAGO OHARE INTERNATIONAL AIRPORT, IL US","41.995","-87.9336","201.8","2017-03-14","14.09",",,W","0.19",",,W,2400","3.4",",,W","25","H,,S","28",",,W","19",",,W"
"USW00094846","CHICAGO OHARE INTERNATIONAL AIRPORT, IL US","41.995","-87.9336","201.8","2017-03-15","11.41",",,W","0.00",",,W,2400","0.0",",,W","24","H,,S","33",",,W","16",",,W"
"USW00094846","CHICAGO OHARE INTERNATIONAL AIRPORT, IL US","41.995","-87.9336","201.8","2017-03-16","6.49",",,W","0.00",",,W,2400","0.0",",,W","29","H,,S","42",",,W","18",",,W"
"USW00094846","CHICAGO OHARE INTERNATIONAL AIRPORT, IL US","41.995","-87.9336","201.8","2017-03-17","10.29",",,W","0.03",",,W,2400","0.0","T,,W","38","H,,S","50",",,W","36",",,W"
"USW00094846","CHICAGO OHARE INTERNATIONAL AIRPORT, IL US","41.995","-87.9336","201.8","2017-03-18","12.97",",,W","0.00",",,W,2400","0.0",",,W","42","H,,S","45",",,W","32",",,W"
"USW00094846","CHICAGO OHARE INTERNATIONAL AIRPORT, IL US","41.995","-87.9336","201.8","2017-03-19","8.50",",,W","0.00",",,W,2400","0.0",",,W","41","H,,S","53",",,W","29",",,W"
"USW00094846","CHICAGO OHARE INTERNATIONAL AIRPORT, IL US","41.995","-87.9336","201.8","2017-03-20","8.28",",,W","0.13",",,W,2400","0.0",",,W","49","H,,S","54",",,W","37",",,W"
"USW00094846","CHICAGO OHARE INTERNATIONAL AIRPORT, IL US","41.995","-87.9336","201.8","2017-03-21","12.30",",,W","0.00",",,W,2400","0.0",",,W","44","H,,S","54",",,W","33",",,W"
"USW00094846","CHICAGO OHARE INTERNATIONAL AIRPORT, IL US","41.995","-87.9336","201.8","2017-03-22","11.86",",,W","0.00",",,W,2400","0.0",",,W","33","H,,S","37",",,W","28",",,W"
"USW00094846","CHICAGO OHARE INTERNATIONAL AIRPORT, IL US","41.995","-87.9336","201.8","2017-03-23","12.75",",,W","0.02",",,W,2400","0.0",",,W","37","H,,S","50",",,W","29",",,W"
"USW00094846","CHICAGO OHARE INTERNATIONAL AIRPORT, IL US","41.995","-87.9336","201.8","2017-03-24","15.66",",,W","0.00","T,,W,2400","0.0",",,W","58","H,,S","82",",,W","42",",,W"
"USW00094846","CHICAGO OHARE INTERNATIONAL AIRPORT, IL US","41.995","-87.9336","201.8","2017-03-25","11.63",",,W","0.71",",,W,2400","0.0",",,W","43","H,,S","47",",,W","41",",,W"
"USW00094846","CHICAGO OHARE INTERNATIONAL AIRPORT, IL US","41.995","-87.9336","201.8","2017-03-26","7.61",",,W","0.30",",,W,2400","0.0",",,W","51","H,,S","62",",,W","47",",,W"
"USW00094846","CHICAGO OHARE INTERNATIONAL AIRPORT, IL US","41.995","-87.9336","201.8","2017-03-27","7.38",",,W","0.00","T,,W,2400","0.0",",,W","50","H,,S","52",",,W","42",",,W"
"USW00094846","CHICAGO OHARE INTERNATIONAL AIRPORT, IL US","41.995","-87.9336","201.8","2017-03-28","10.51",",,W","0.00",",,W,2400","0.0",",,W","44","H,,S","50",",,W","36",",,W"
"USW00094846","CHICAGO OHARE INTERNATIONAL AIRPORT, IL US","41.995","-87.9336","201.8","2017-03-29","11.86",",,W","0.11",",,W,2400","0.0",",,W","41","H,,S","49",",,W","35",",,W"
"USW00094846","CHICAGO OHARE INTERNATIONAL AIRPORT, IL US","41.995","-87.9336","201.8","2017-03-30","14.54",",,W","1.84",",,W,2400","0.0",",,W","43","H,,S","45",",,W","39",",,W"
"USW00094846","CHICAGO OHARE INTERNATIONAL AIRPORT, IL US","41.995","-87.9336","201.8","2017-03-31","14.54",",,W","0.02",",,W,2400","0.0",",,W","39","H,,S","44",",,W","36",",,W"
"USW00094846","CHICAGO OHARE INTERNATIONAL AIRPORT, IL US","41.995","-87.9336","201.8","2017-04-01","5.82",",,W","0.00",",,W,2400","0.0",",,W","45","H,,S","59",",,W","34",",,W"
"USW00094846","CHICAGO OHARE INTERNATIONAL AIRPORT, IL US","41.995","-87.9336","201.8","2017-04-02","6.04",",,W","0.00","T,,W,2400","0.0",",,W","50","H,,S","61",",,W","42",",,W"
"USW00094846","CHICAGO OHARE INTERNATIONAL AIRPORT, IL US","41.995","-87.9336","201.8","2017-04-03","8.50",",,W","0.19",",,W,2400","0.0",",,W","50","H,,S","54",",,W","46",",,W"
"USW00094846","CHICAGO OHARE INTERNATIONAL AIRPORT, IL US","41.995","-87.9336","201.8","2017-04-04","8.72",",,W","0.02",",,W,2400","0.0",",,W","49","H,,S","56",",,W","43",",,W"
"USW00094846","CHICAGO OHARE INTERNATIONAL AIRPORT, IL US","41.995","-87.9336","201.8","2017-04-05","18.12",",,W","1.04",",,W,2400","0.0",",,W","45","H,,S","47",",,W","40",",,W"
"USW00094846","CHICAGO OHARE INTERNATIONAL AIRPORT, IL US","41.995","-87.9336","201.8","2017-04-06","17.00",",,W","0.29",",,W,2400","0.0",",,W","43","H,,S","51",",,W","38",",,W"
"USW00094846","CHICAGO OHARE INTERNATIONAL AIRPORT, IL US","41.995","-87.9336","201.8","2017-04-07","10.96",",,W","0.00",",,W,2400","0.0",",,W","44","H,,S","54",",,W","37",",,W"
"USW00094846","CHICAGO OHARE INTERNATIONAL AIRPORT, IL US","41.995","-87.9336","201.8","2017-04-08","13.87",",,W","0.00",",,W,2400","0.0",",,W","50","H,,S","68",",,W","37",",,W"
"USW00094846","CHICAGO OHARE INTERNATIONAL AIRPORT, IL US","41.995","-87.9336","201.8","2017-04-09","18.79",",,W","0.00",",,W,2400","0.0",",,W","64","H,,S","77",",,W","57",",,W"
"USW00094846","CHICAGO OHARE INTERNATIONAL AIRPORT, IL US","41.995","-87.9336","201.8","2017-04-10","13.87",",,W","0.32",",,W,2400","0.0",",,W","69","H,,S","78",",,W","41",",,W"
"USW00094846","CHICAGO OHARE INTERNATIONAL AIRPORT, IL US","41.995","-87.9336","201.8","2017-04-11","9.40",",,W","0.00","T,,W,2400","0.0",",,W","47","H,,S","54",",,W","41",",,W"
"USW00094846","CHICAGO OHARE INTERNATIONAL AIRPORT, IL US","41.995","-87.9336","201.8","2017-04-12","7.16",",,W","0.00",",,W,2400","0.0",",,W","48","H,,S","59",",,W","38",",,W"
"USW00094846","CHICAGO OHARE INTERNATIONAL AIRPORT, IL US","41.995","-87.9336","201.8","2017-04-13","9.17",",,W","0.19",",,W,2400","0.0",",,W","50","H,,S","60",",,W","44",",,W"
"USW00094846","CHICAGO OHARE INTERNATIONAL AIRPORT, IL US","41.995","-87.9336","201.8","2017-04-14","9.40",",,W","0.06",",,W,2400","0.0",",,W","54","H,,S","66",",,W","47",",,W"
"USW00094846","CHICAGO OHARE INTERNATIONAL AIRPORT, IL US","41.995","-87.9336","201.8","2017-04-15","16.11",",,W","0.09",",,W,2400","0.0",",,W","70","H,,S","82",",,W","61",",,W"
"USW00094846","CHICAGO OHARE INTERNATIONAL AIRPORT, IL US","41.995","-87.9336","201.8","2017-04-16","11.63",",,W","0.59",",,W,2400","0.0",",,W","68","H,,S","73",",,W","52",",,W"
"USW00094846","CHICAGO OHARE INTERNATIONAL AIRPORT, IL US","41.995","-87.9336","201.8","2017-04-17","6.93",",,W","0.00",",,W,2400","0.0",",,W","59","H,,S","69",",,W","44",",,W"
"USW00094846","CHICAGO OHARE INTERNATIONAL AIRPORT, IL US","41.995","-87.9336","201.8","2017-04-18","11.41",",,W","0.00",",,W,2400","0.0",",,W","55","H,,S","76",",,W","41",",,W"
"USW00094846","CHICAGO OHARE INTERNATIONAL AIRPORT, IL US","41.995","-87.9336","201.8","2017-04-19","9.62",",,W","0.01",",,W,2400","0.0",",,W","65","H,,S","70",",,W","45",",,W"
"USW00094846","CHICAGO OHARE INTERNATIONAL AIRPORT, IL US","41.995","-87.9336","201.8","2017-04-20","14.99",",,W","0.00","T,,W,2400","0.0",",,W","56","H,,S","73",",,W","48",",,W"
"USW00094846","CHICAGO OHARE INTERNATIONAL AIRPORT, IL US","41.995","-87.9336","201.8","2017-04-21","12.53",",,W","0.00",",,W,2400","0.0",",,W","50","H,,S","53",",,W","44",",,W"
"USW00094846","CHICAGO OHARE INTERNATIONAL AIRPORT, IL US","41.995","-87.9336","201.8","2017-04-22","8.50",",,W","0.00",",,W,2400","0.0",",,W","50","H,,S","60",",,W","38",",,W"
"USW00094846","CHICAGO OHARE INTERNATIONAL AIRPORT, IL US","41.995","-87.9336","201.8","2017-04-23","5.82",",,W","0.00",",,W,2400","0.0",",,W","54","H,,S","72",",,W","37",",,W"
"USW00094846","CHICAGO OHARE INTERNATIONAL AIRPORT, IL US","41.995","-87.9336","201.8","2017-04-24","7.61",",,W","0.00",",,W,2400","0.0",",,W","55","H,,S","73",",,W","40",",,W"
"USW00094846","CHICAGO OHARE INTERNATIONAL AIRPORT, IL US","41.995","-87.9336","201.8","2017-04-25","12.08",",,W","0.00",",,W,2400","0.0",",,W","64","H,,S","79",",,W","52",",,W"
"USW00094846","CHICAGO OHARE INTERNATIONAL AIRPORT, IL US","41.995","-87.9336","201.8","2017-04-26","11.41",",,W","0.22",",,W,2400","0.0",",,W","69","H,,S","74",",,W","60",",,W"
"USW00094846","CHICAGO OHARE INTERNATIONAL AIRPORT, IL US","41.995","-87.9336","201.8","2017-04-27","15.88",",,W","0.14",",,W,2400","0.0",",,W","54","H,,S","62",",,W","41",",,W"
"USW00094846","CHICAGO OHARE INTERNATIONAL AIRPORT, IL US","41.995","-87.9336","201.8","2017-04-28","7.61",",,W","0.00","T,,W,2400","0.0",",,W","48","H,,S","60",",,W","40",",,W"
"USW00094846","CHICAGO OHARE INTERNATIONAL AIRPORT, IL US","41.995","-87.9336","201.8","2017-04-29","18.79",",,W","1.95",",,W,2400","0.0",",,W","45","H,,S","46",",,W","40",",,W"
"USW00094846","CHICAGO OHARE INTERNATIONAL AIRPORT, IL US","41.995","-87.9336","201.8","2017-04-30","13.42",",,W","1.32",",,W,2400","0.0",",,W","44","H,,S","47",",,W","42",",,W"
"USW00094846","CHICAGO OHARE INTERNATIONAL AIRPORT, IL US","41.995","-87.9336","201.8","2017-05-01","14.76",",,W","0.09",",,W,2400","0.0",",,W","50","H,,S","57",",,W","45",",,W"
"USW00094846","CHICAGO OHARE INTERNATIONAL AIRPORT, IL US","41.995","-87.9336","201.8","2017-05-02","14.76",",,W","0.01",",,W,2400","0.0",",,W","46","H,,S","51",",,W","41",",,W"
"USW00094846","CHICAGO OHARE INTERNATIONAL AIRPORT, IL US","41.995","-87.9336","201.8","2017-05-03","6.04",",,W","0.00",",,W,2400","0.0",",,W","48","H,,S","56",",,W","35",",,W"
"USW00094846","CHICAGO OHARE INTERNATIONAL AIRPORT, IL US","41.995","-87.9336","201.8","2017-05-04","11.18",",,W","0.00",",,W,2400","0.0",",,W","49","H,,S","54",",,W","43",",,W"
"USW00094846","CHICAGO OHARE INTERNATIONAL AIRPORT, IL US","41.995","-87.9336","201.8","2017-05-05","13.42",",,W","0.00","T,,W,2400","0.0",",,W","49","H,,S","61",",,W","41",",,W"
"USW00094846","CHICAGO OHARE INTERNATIONAL AIRPORT, IL US","41.995","-87.9336","201.8","2017-05-06","12.53",",,W","0.11",",,W,2400","0.0",",,W","51","H,,S","58",",,W","44",",,W"
"USW00094846","CHICAGO OHARE INTERNATIONAL AIRPORT, IL US","41.995","-87.9336","201.8","2017-05-07","8.50",",,W","0.00",",,W,2400","0.0",",,W","48","H,,S","59",",,W","36",",,W"
"USW00094846","CHICAGO OHARE INTERNATIONAL AIRPORT, IL US","41.995","-87.9336","201.8","2017-05-08","6.93",",,W","0.02",",,W,2400","0.0",",,W","46","H,,S","57",",,W","34",",,W"
"USW00094846","CHICAGO OHARE INTERNATIONAL AIRPORT, IL US","41.995","-87.9336","201.8","2017-05-09","6.71",",,W","0.13",",,W,2400","0.0",",,W","48","H,,S","61",",,W","42",",,W"
"USW00094846","CHICAGO OHARE INTERNATIONAL AIRPORT, IL US","41.995","-87.9336","201.8","2017-05-10","7.61",",,W","0.87",",,W,2400","0.0",",,W","55","H,,S","67",",,W","44",",,W"
"USW00094846","CHICAGO OHARE INTERNATIONAL AIRPORT, IL US","41.995","-87.9336","201.8","2017-05-11","9.17",",,W","0.00","T,,W,2400","0.0",",,W","55","H,,S","65",",,W","49",",,W"
"USW00094846","CHICAGO OHARE INTERNATIONAL AIRPORT, IL US","41.995","-87.9336","201.8","2017-05-12","6.04",",,W","0.00",",,W,2400","0.0",",,W","59","H,,S","73",",,W","45",",,W"
"USW00094846","CHICAGO OHARE INTERNATIONAL AIRPORT, IL US","41.995","-87.9336","201.8","2017-05-13","8.72",",,W","0.00",",,W,2400","0.0",",,W","62","H,,S","82",",,W","47",",,W"
"USW00094846","CHICAGO OHARE INTERNATIONAL AIRPORT, IL US","41.995","-87.9336","201.8","2017-05-14","7.83",",,W","0.00",",,W,2400","0.0",",,W","62","H,,S","71",",,W","51",",,W"
"USW00094846","CHICAGO OHARE INTERNATIONAL AIRPORT, IL US","41.995","-87.9336","201.8","2017-05-15","8.95",",,W","0.02",",,W,2400","0.0",",,W","62","H,,S","82",",,W","50",",,W"
"USW00094846","CHICAGO OHARE INTERNATIONAL AIRPORT, IL US","41.995","-87.9336","201.8","2017-05-16","14.54",",,W","0.00",",,W,2400","0.0",",,W","74","H,,S","87",",,W","61",",,W"
"USW00094846","CHICAGO OHARE INTERNATIONAL AIRPORT, IL US","41.995","-87.9336","201.8","2017-05-17","20.13",",,W","0.37",",,W,2400","0.0",",,W","78","H,,S","84",",,W","62",",,W"
"USW00094846","CHICAGO OHARE INTERNATIONAL AIRPORT, IL US","41.995","-87.9336","201.8","2017-05-18","19.01",",,W","0.00",",,W,2400","0.0",",,W","74","H,,S","78",",,W","48",",,W"
"USW00094846","CHICAGO OHARE INTERNATIONAL AIRPORT, IL US","41.995","-87.9336","201.8","2017-05-19","16.11",",,W","0.23",",,W,2400","0.0",",,W","48","H,,S","50",",,W","43",",,W"
"USW00094846","CHICAGO OHARE INTERNATIONAL AIRPORT, IL US","41.995","-87.9336","201.8","2017-05-20","10.51",",,W","0.34",",,W,2400","0.0",",,W","51","H,,S","64",",,W","48",",,W"
"USW00094846","CHICAGO OHARE INTERNATIONAL AIRPORT, IL US","41.995","-87.9336","201.8","2017-05-21","12.75",",,W","0.05",",,W,2400","0.0",",,W","61","H,,S","65",",,W","51",",,W"
"USW00094846","CHICAGO OHARE INTERNATIONAL AIRPORT, IL US","41.995","-87.9336","201.8","2017-05-22","12.75",",,W","0.01",",,W,2400","0.0",",,W","58","H,,S","73",",,W","48",",,W"
"USW00094846","CHICAGO OHARE INTERNATIONAL AIRPORT, IL US","41.995","-87.9336","201.8","2017-05-23","6.71",",,W","0.33",",,W,2400","0.0",",,W","61","H,,S","62",",,W","55",",,W"
"USW00094846","CHICAGO OHARE INTERNATIONAL AIRPORT, IL US","41.995","-87.9336","201.8","2017-05-24","14.09",",,W","0.17",",,W,2400","0.0",",,W","57","H,,S","62",",,W","53",",,W"
"USW00094846","CHICAGO OHARE INTERNATIONAL AIRPORT, IL US","41.995","-87.9336","201.8","2017-05-25","8.72",",,W","0.00",",,W,2400","0.0",",,W","59","H,,S","69",",,W","52",",,W"
"USW00094846","CHICAGO OHARE INTERNATIONAL AIRPORT, IL US","41.995","-87.9336","201.8","2017-05-26","7.61",",,W","0.53",",,W,2400","0.0",",,W","60","H,,S","71",",,W","52",",,W"
"USW00094846","CHICAGO OHARE INTERNATIONAL AIRPORT, IL US","41.995","-87.9336","201.8","2017-05-27","5.37",",,W","0.00",",,W,2400","0.0",",,W","62","H,,S","78",",,W","52",",,W"
"USW00094846","CHICAGO OHARE INTERNATIONAL AIRPORT, IL US","41.995","-87.9336","201.8","2017-05-28","6.93",",,W","0.00","T,,W,2400","0.0",",,W","68","H,,S","77",",,W","56",",,W"
"USW00094846","CHICAGO OHARE INTERNATIONAL AIRPORT, IL US","41.995","-87.9336","201.8","2017-05-29","11.63",",,W","0.00",",,W,2400","0.0",",,W","69","H,,S","77",",,W","55",",,W"
"USW00094846","CHICAGO OHARE INTERNATIONAL AIRPORT, IL US","41.995","-87.9336","201.8","2017-05-30","11.63",",,W","0.00","T,,W,2400","0.0",",,W","64","H,,S","74",",,W","54",",,W"
"USW00094846","CHICAGO OHARE INTERNATIONAL AIRPORT, IL US","41.995","-87.9336","201.8","2017-05-31","10.51",",,W","0.00",",,W,2400","0.0",",,W","64","H,,S","74",",,W","52",",,W"
"USW00094846","CHICAGO OHARE INTERNATIONAL AIRPORT, IL US","41.995","-87.9336","201.8","2017-06-01","4.70",",,W","0.00",",,W,2400","0.0",",,W","66","H,,S","81",",,W","51",",,W"
"USW00094846","CHICAGO OHARE INTERNATIONAL AIRPORT, IL US","41.995","-87.9336","201.8","2017-06-02","5.37",",,W","0.00",",,W,2400","0.0",",,W","71","H,,S","86",",,W","53",",,W"
"USW00094846","CHICAGO OHARE INTERNATIONAL AIRPORT, IL US","41.995","-87.9336","201.8","2017-06-03","6.04",",,W","0.00","T,,W,2400","0.0",",,W","73","H,,S","84",",,W","57",",,W"
"USW00094846","CHICAGO OHARE INTERNATIONAL AIRPORT, IL US","41.995","-87.9336","201.8","2017-06-04","8.50",",,W","0.00",",,W,2400","0.0",",,W","80","H,,S","92",",,W","66",",,W"
"USW00094846","CHICAGO OHARE INTERNATIONAL AIRPORT, IL US","41.995","-87.9336","201.8","2017-06-05","14.09",",,W","0.00",",,W,2400","0.0",",,W","70","H,,S","75",",,W","59",",,W"
"USW00094846","CHICAGO OHARE INTERNATIONAL AIRPORT, IL US","41.995","-87.9336","201.8","2017-06-06","13.87",",,W","0.00",",,W,2400","0.0",",,W","65","H,,S","76",",,W","54",",,W"
"USW00094846","CHICAGO OHARE INTERNATIONAL AIRPORT, IL US","41.995","-87.9336","201.8","2017-06-07","8.05",",,W","0.00",",,W,2400","0.0",",,W","67","H,,S","77",",,W","56",",,W"
"USW00094846","CHICAGO OHARE INTERNATIONAL AIRPORT, IL US","41.995","-87.9336","201.8","2017-06-08","4.25",",,W","0.06",",,W,2400","0.0",",,W","69","H,,S","83",",,W","53",",,W"
"USW00094846","CHICAGO OHARE INTERNATIONAL AIRPORT, IL US","41.995","-87.9336","201.8","2017-06-09","8.95",",,W","0.00","T,,W,2400","0.0",",,W","74","H,,S","87",",,W","65",",,W"
"USW00094846","CHICAGO OHARE INTERNATIONAL AIRPORT, IL US","41.995","-87.9336","201.8","2017-06-10","14.09",",,W","0.00",",,W,2400","0.0",",,W","76","H,,S","90",",,W","64",",,W"
"USW00094846","CHICAGO OHARE INTERNATIONAL AIRPORT, IL US","41.995","-87.9336","201.8","2017-06-11","14.99",",,W","0.00",",,W,2400","0.0",",,W","82","H,,S","93",",,W","73",",,W"
"USW00094846","CHICAGO OHARE INTERNATIONAL AIRPORT, IL US","41.995","-87.9336","201.8","2017-06-12","11.63",",,W","0.00",",,W,2400","0.0",",,W","85","H,,S","95",",,W","73",",,W"
"USW00094846","CHICAGO OHARE INTERNATIONAL AIRPORT, IL US","41.995","-87.9336","201.8","2017-06-13","6.93",",,W","0.00",",,W,2400","0.0",",,W","80","H,,S","88",",,W","68",",,W"
"USW00094846","CHICAGO OHARE INTERNATIONAL AIRPORT, IL US","41.995","-87.9336","201.8","2017-06-14","9.84",",,W","0.59",",,W,2400","0.0",",,W","77","H,,S","92",",,W","68",",,W"
"USW00094846","CHICAGO OHARE INTERNATIONAL AIRPORT, IL US","41.995","-87.9336","201.8","2017-06-15","7.83",",,W","0.07",",,W,2400","0.0",",,W","76","H,,S","91",",,W","68",",,W"
"USW00094846","CHICAGO OHARE INTERNATIONAL AIRPORT, IL US","41.995","-87.9336","201.8","2017-06-16","10.29",",,W","0.22",",,W,2400","0.0",",,W","77","H,,S","86",",,W","67",",,W"
"USW00094846","CHICAGO OHARE INTERNATIONAL AIRPORT, IL US","41.995","-87.9336","201.8","2017-06-17","8.50",",,W","0.42",",,W,2400","0.0",",,W","78","H,,S","87",",,W","69",",,W"
"USW00094846","CHICAGO OHARE INTERNATIONAL AIRPORT, IL US","41.995","-87.9336","201.8","2017-06-18","13.65",",,W","0.00","T,,W,2400","0.0",",,W","74","H,,S","79",",,W","69",",,W"
"USW00094846","CHICAGO OHARE INTERNATIONAL AIRPORT, IL US","41.995","-87.9336","201.8","2017-06-19","10.07",",,W","0.03",",,W,2400","0.0","T,,W","70","H,,S","80",",,W","62",",,W"
"USW00094846","CHICAGO OHARE INTERNATIONAL AIRPORT, IL US","41.995","-87.9336","201.8","2017-06-20","9.62",",,W","0.00","T,,W,2400","0.0",",,W","67","H,,S","80",",,W","58",",,W"
"USW00094846","CHICAGO OHARE INTERNATIONAL AIRPORT, IL US","41.995","-87.9336","201.8","2017-06-21","7.16",",,W","0.00",",,W,2400","0.0",",,W","68","H,,S","80",",,W","55",",,W"
"USW00094846","CHICAGO OHARE INTERNATIONAL AIRPORT, IL US","41.995","-87.9336","201.8","2017-06-22","14.54",",,W","0.00","T,,W,2400","0.0",",,W","78","H,,S","88",",,W","68",",,W"
"USW00094846","CHICAGO OHARE INTERNATIONAL AIRPORT, IL US","41.995","-87.9336","201.8","2017-06-23","12.30",",,W","0.71",",,W,2400","0.0",",,W","77","H,,S","83",",,W","66",",,W"
"USW00094846","CHICAGO OHARE INTERNATIONAL AIRPORT, IL US","41.995","-87.9336","201.8","2017-06-24","12.30",",,W","0.02",",,W,2400","0.0",",,W","70","H,,S","75",",,W","59",",,W"
"USW00094846","CHICAGO OHARE INTERNATIONAL AIRPORT, IL US","41.995","-87.9336","201.8","2017-06-25","12.75",",,W","0.00",",,W,2400","0.0",",,W","64","H,,S","72",",,W","54",",,W"
"USW00094846","CHICAGO OHARE INTERNATIONAL AIRPORT, IL US","41.995","-87.9336","201.8","2017-06-26","12.30",",,W","0.00",",,W,2400","0.0",",,W","64","H,,S","75",",,W","54",",,W"
"USW00094846","CHICAGO OHARE INTERNATIONAL AIRPORT, IL US","41.995","-87.9336","201.8","2017-06-27","6.71",",,W","0.00",",,W,2400","0.0",",,W","65","H,,S","78",",,W","50",",,W"
"USW00094846","CHICAGO OHARE INTERNATIONAL AIRPORT, IL US","41.995","-87.9336","201.8","2017-06-28","15.21",",,W","1.30",",,W,2400","0.0",",,W","68","H,,S","80",",,W","58",",,W"
"USW00094846","CHICAGO OHARE INTERNATIONAL AIRPORT, IL US","41.995","-87.9336","201.8","2017-06-29","11.41",",,W","0.02",",,W,2400","0.0",",,W","74","H,,S","81",",,W","66",",,W"
"USW00094846","CHICAGO OHARE INTERNATIONAL AIRPORT, IL US","41.995","-87.9336","201.8","2017-06-30","6.49",",,W","0.00",",,W,2400","0.0",",,W","73","H,,S","84",",,W","64",",,W"
"USW00094846","CHICAGO OHARE INTERNATIONAL AIRPORT, IL US","41.995","-87.9336","201.8","2017-07-01","10.51",",,W","0.00",",,W,2400","0.0",",,W","75","H,,S","82",",,W","66",",,W"
"USW00094846","CHICAGO OHARE INTERNATIONAL AIRPORT, IL US","41.995","-87.9336","201.8","2017-07-02","9.62",",,W","0.00",",,W,2400","0.0",",,W","74","H,,S","89",",,W","62",",,W"
"USW00094846","CHICAGO OHARE INTERNATIONAL AIRPORT, IL US","41.995","-87.9336","201.8","2017-07-03","8.72",",,W","0.04",",,W,2400","0.0",",,W","73","H,,S","80",",,W","66",",,W"
"USW00094846","CHICAGO OHARE INTERNATIONAL AIRPORT, IL US","41.995","-87.9336","201.8","2017-07-04","7.38",",,W","0.00",",,W,2400","0.0",",,W","72","H,,S","83",",,W","64",",,W"
"USW00094846","CHICAGO OHARE INTERNATIONAL AIRPORT, IL US","41.995","-87.9336","201.8","2017-07-05","5.82",",,W","0.00",",,W,2400","0.0",",,W","76","H,,S","89",",,W","65",",,W"
"USW00094846","CHICAGO OHARE INTERNATIONAL AIRPORT, IL US","41.995","-87.9336","201.8","2017-07-06","7.16",",,W","0.00",",,W,2400","0.0",",,W","81","H,,S","93",",,W","69",",,W"
"USW00094846","CHICAGO OHARE INTERNATIONAL AIRPORT, IL US","41.995","-87.9336","201.8","2017-07-07","8.50",",,W","0.00","T,,W,2400","0.0",",,W","81","H,,S","89",",,W","63",",,W"
"USW00094846","CHICAGO OHARE INTERNATIONAL AIRPORT, IL US","41.995","-87.9336","201.8","2017-07-08","6.71",",,W","0.00",",,W,2400","0.0",",,W","71","H,,S","80",",,W","62",",,W"
"USW00094846","CHICAGO OHARE INTERNATIONAL AIRPORT, IL US","41.995","-87.9336","201.8","2017-07-09","8.28",",,W","0.00",",,W,2400","0.0",",,W","73","H,,S","86",",,W","63",",,W"
"USW00094846","CHICAGO OHARE INTERNATIONAL AIRPORT, IL US","41.995","-87.9336","201.8","2017-07-10","6.71",",,W","0.73",",,W,2400","0.0",",,W","77","H,,S","84",",,W","67",",,W"
"USW00094846","CHICAGO OHARE INTERNATIONAL AIRPORT, IL US","41.995","-87.9336","201.8","2017-07-11","5.59",",,W","0.56",",,W,2400","0.0",",,W","76","H,,S","85",",,W","70",",,W"
"USW00094846","CHICAGO OHARE INTERNATIONAL AIRPORT, IL US","41.995","-87.9336","201.8","2017-07-12","10.51",",,W","1.77",",,W,2400","0.0","T,,W","75","H,,S","81",",,W","68",",,W"
"USW00094846","CHICAGO OHARE INTERNATIONAL AIRPORT, IL US","41.995","-87.9336","201.8","2017-07-13","10.51",",,W","0.00","T,,W,2400","0.0",",,W","78","H,,S","83",",,W","72",",,W"
"USW00094846","CHICAGO OHARE INTERNATIONAL AIRPORT, IL US","41.995","-87.9336","201.8","2017-07-14","8.72",",,W","0.00",",,W,2400","0.0",",,W","71","H,,S","73",",,W","63",",,W"
"USW00094846","CHICAGO OHARE INTERNATIONAL AIRPORT, IL US","41.995","-87.9336","201.8","2017-07-15","5.82",",,W","0.00",",,W,2400","0.0",",,W","70","H,,S","81",",,W","60",",,W"
"USW00094846","CHICAGO OHARE INTERNATIONAL AIRPORT, IL US","41.995","-87.9336","201.8","2017-07-16","11.63",",,W","0.00","T,,W,2400","0.0",",,W","72","H,,S","78",",,W","60",",,W"
"USW00094846","CHICAGO OHARE INTERNATIONAL AIRPORT, IL US","41.995","-87.9336","201.8","2017-07-17","6.26",",,W","0.00",",,W,2400","0.0",",,W","67","H,,S","79",",,W","56",",,W"
"USW00094846","CHICAGO OHARE INTERNATIONAL AIRPORT, IL US","41.995","-87.9336","201.8","2017-07-18","4.03",",,W","0.00",",,W,2400","0.0",",,W","74","H,,S","89",",,W","60",",,W"
"USW00094846","CHICAGO OHARE INTERNATIONAL AIRPORT, IL US","41.995","-87.9336","201.8","2017-07-19","7.61",",,W","0.48",",,W,2400","0.0",",,W","80","H,,S","88",",,W","70",",,W"
"USW00094846","CHICAGO OHARE INTERNATIONAL AIRPORT, IL US","41.995","-87.9336","201.8","2017-07-20","7.83",",,W","1.77",",,W,2400","0.0",",,W","77","H,,S","88",",,W","69",",,W"
"USW00094846","CHICAGO OHARE INTERNATIONAL AIRPORT, IL US","41.995","-87.9336","201.8","2017-07-21","6.93",",,W","1.43",",,W,2400","0.0","T,,W","80","H,,S","89",",,W","72",",,W"
"USW00094846","CHICAGO OHARE INTERNATIONAL AIRPORT, IL US","41.995","-87.9336","201.8","2017-07-22","8.50",",,W","0.66",",,W,2400","0.0",",,W","77","H,,S","88",",,W","72",",,W"
"USW00094846","CHICAGO OHARE INTERNATIONAL AIRPORT, IL US","41.995","-87.9336","201.8","2017-07-23","5.82",",,W","0.21",",,W,2400","0.0",",,W","79","H,,S","90",",,W","70",",,W"
"USW00094846","CHICAGO OHARE INTERNATIONAL AIRPORT, IL US","41.995","-87.9336","201.8","2017-07-24","10.96",",,W","0.00",",,W,2400","0.0",",,W","71","H,,S","74",",,W","66",",,W"
"USW00094846","CHICAGO OHARE INTERNATIONAL AIRPORT, IL US","41.995","-87.9336","201.8","2017-07-25","8.05",",,W","0.00",",,W,2400","0.0",",,W","71","H,,S","82",",,W","61",",,W"
"USW00094846","CHICAGO OHARE INTERNATIONAL AIRPORT, IL US","41.995","-87.9336","201.8","2017-07-26","7.16",",,W","0.03",",,W,2400","0.0",",,W","75","H,,S","85",",,W","65",",,W"
"USW00094846","CHICAGO OHARE INTERNATIONAL AIRPORT, IL US","41.995","-87.9336","201.8","2017-07-27","11.18",",,W","0.00","T,,W,2400","0.0",",,W","78","H,,S","82",",,W","70",",,W"
"USW00094846","CHICAGO OHARE INTERNATIONAL AIRPORT, IL US","41.995","-87.9336","201.8","2017-07-28","13.87",",,W","0.00",",,W,2400","0.0",",,W","74","H,,S","79",",,W","67",",,W"
"USW00094846","CHICAGO OHARE INTERNATIONAL AIRPORT, IL US","41.995","-87.9336","201.8","2017-07-29","9.84",",,W","0.00",",,W,2400","0.0",",,W","72","H,,S","79",",,W","64",",,W"
"USW00094846","CHICAGO OHARE INTERNATIONAL AIRPORT, IL US","41.995","-87.9336","201.8","2017-07-30","5.14",",,W","0.00",",,W,2400","0.0",",,W","73","H,,S","84",",,W","62",",,W"
"USW00094846","CHICAGO OHARE INTERNATIONAL AIRPORT, IL US","41.995","-87.9336","201.8","2017-07-31","2.91",",,W","0.00",",,W,2400","0.0",",,W","76","H,,S","86",",,W","65",",,W"
"USW00094846","CHICAGO OHARE INTERNATIONAL AIRPORT, IL US","41.995","-87.9336","201.8","2017-08-01","5.37",",,W","0.92",",,W,2400","0.0",",,W","76","H,,S","86",",,W","67",",,W"
"USW00094846","CHICAGO OHARE INTERNATIONAL AIRPORT, IL US","41.995","-87.9336","201.8","2017-08-02","6.93",",,W","0.00","T,,W,2400","0.0",",,W","77","H,,S","87",",,W","66",",,W"
"USW00094846","CHICAGO OHARE INTERNATIONAL AIRPORT, IL US","41.995","-87.9336","201.8","2017-08-03","9.17",",,W","0.88",",,W,2400","0.0",",,W","75","H,,S","84",",,W","61",",,W"
"USW00094846","CHICAGO OHARE INTERNATIONAL AIRPORT, IL US","41.995","-87.9336","201.8","2017-08-04","13.87",",,W","0.00","T,,W,2400","0.0",",,W","63","H,,S","68",",,W","56",",,W"
"USW00094846","CHICAGO OHARE INTERNATIONAL AIRPORT, IL US","41.995","-87.9336","201.8","2017-08-05","7.38",",,W","0.00",",,W,2400","0.0",",,W","68","H,,S","80",",,W","60",",,W"
"USW00094846","CHICAGO OHARE INTERNATIONAL AIRPORT, IL US","41.995","-87.9336","201.8","2017-08-06","4.03",",,W","0.00",",,W,2400","0.0",",,W","71","H,,S","77",",,W","63",",,W"
"USW00094846","CHICAGO OHARE INTERNATIONAL AIRPORT, IL US","41.995","-87.9336","201.8","2017-08-07","7.83",",,W","0.00","T,,W,2400","0.0",",,W","69","H,,S","76",",,W","61",",,W"
"USW00094846","CHICAGO OHARE INTERNATIONAL AIRPORT, IL US","41.995","-87.9336","201.8","2017-08-08","5.59",",,W","0.00",",,W,2400","0.0",",,W","70","H,,S","84",",,W","58",",,W"
"USW00094846","CHICAGO OHARE INTERNATIONAL AIRPORT, IL US","41.995","-87.9336","201.8","2017-08-09","5.14",",,W","0.00",",,W,2400","0.0",",,W","73","H,,S","83",",,W","61",",,W"
"USW00094846","CHICAGO OHARE INTERNATIONAL AIRPORT, IL US","41.995","-87.9336","201.8","2017-08-10","8.28",",,W","0.03",",,W,2400","0.0",",,W","74","H,,S","84",",,W","62",",,W"
"USW00094846","CHICAGO OHARE INTERNATIONAL AIRPORT, IL US","41.995","-87.9336","201.8","2017-08-11","9.40",",,W","0.00",",,W,2400","0.0",",,W","71","H,,S","78",",,W","65",",,W"
"USW00094846","CHICAGO OHARE INTERNATIONAL AIRPORT, IL US","41.995","-87.9336","201.8","2017-08-12","7.38",",,W","0.00",",,W,2400","0.0",",,W","68","H,,S","77",",,W","60",",,W"
"USW00094846","CHICAGO OHARE INTERNATIONAL AIRPORT, IL US","41.995","-87.9336","201.8","2017-08-13","4.03",",,W","0.00","T,,W,2400","0.0",",,W","69","H,,S","80",",,W","57",",,W"
"USW00094846","CHICAGO OHARE INTERNATIONAL AIRPORT, IL US","41.995","-87.9336","201.8","2017-08-14","4.25",",,W","0.00",",,W,2400","0.0",",,W","72","H,,S","83",",,W","62",",,W"
"USW00094846","CHICAGO OHARE INTERNATIONAL AIRPORT, IL US","41.995","-87.9336","201.8","2017-08-15","7.61",",,W","0.00",",,W,2400","0.0",",,W","75","H,,S","84",",,W","68",",,W"
"USW00094846","CHICAGO OHARE INTERNATIONAL AIRPORT, IL US","41.995","-87.9336","201.8","2017-08-16","8.05",",,W","0.17",",,W,2400","0.0",",,W","75","H,,S","88",",,W","67",",,W"
"USW00094846","CHICAGO OHARE INTERNATIONAL AIRPORT, IL US","41.995","-87.9336","201.8","2017-08-17","14.32",",,W","0.02",",,W,2400","0.0",",,W","77","H,,S","82",",,W","72",",,W"
"USW00094846","CHICAGO OHARE INTERNATIONAL AIRPORT, IL US","41.995","-87.9336","201.8","2017-08-18","10.96",",,W","0.00",",,W,2400","0.0",",,W","74","H,,S","82",",,W","67",",,W"
"USW00094846","CHICAGO OHARE INTERNATIONAL AIRPORT, IL US","41.995","-87.9336","201.8","2017-08-19","4.92",",,W","0.00",",,W,2400","0.0",",,W","74","H,,S","86",",,W","63",",,W"
"USW00094846","CHICAGO OHARE INTERNATIONAL AIRPORT, IL US","41.995","-87.9336","201.8","2017-08-20","5.82",",,W","0.00","T,,W,2400","0.0",",,W","75","H,,S","90",",,W","63",",,W"
"USW00094846","CHICAGO OHARE INTERNATIONAL AIRPORT, IL US","41.995","-87.9336","201.8","2017-08-21","8.50",",,W","0.03",",,W,2400","0.0",",,W","78","H,,S","87",",,W","71",",,W"
"USW00094846","CHICAGO OHARE INTERNATIONAL AIRPORT, IL US","41.995","-87.9336","201.8","2017-08-22","13.42",",,W","0.02",",,W,2400","0.0",",,W","76","H,,S","82",",,W","64",",,W"
"USW00094846","CHICAGO OHARE INTERNATIONAL AIRPORT, IL US","41.995","-87.9336","201.8","2017-08-23","9.17",",,W","0.00",",,W,2400","0.0",",,W","70","H,,S","79",",,W","60",",,W"
"USW00094846","CHICAGO OHARE INTERNATIONAL AIRPORT, IL US","41.995","-87.9336","201.8","2017-08-24","8.50",",,W","0.00",",,W,2400","0.0",",,W","67","H,,S","75",",,W","56",",,W"
"USW00094846","CHICAGO OHARE INTERNATIONAL AIRPORT, IL US","41.995","-87.9336","201.8","2017-08-25","5.37",",,W","0.00",",,W,2400","0.0",",,W","64","H,,S","74",",,W","52",",,W"
"USW00094846","CHICAGO OHARE INTERNATIONAL AIRPORT, IL US","41.995","-87.9336","201.8","2017-08-26","7.16",",,W","0.00","T,,W,2400","0.0",",,W","67","H,,S","78",",,W","56",",,W"
"USW00094846","CHICAGO OHARE INTERNATIONAL AIRPORT, IL US","41.995","-87.9336","201.8","2017-08-27","8.50",",,W","0.01",",,W,2400","0.0",",,W","68","H,,S","78",",,W","62",",,W"
"USW00094846","CHICAGO OHARE INTERNATIONAL AIRPORT, IL US","41.995","-87.9336","201.8","2017-08-28","5.82",",,W","0.36",",,W,2400","0.0",",,W","70","H,,S","80",",,W","64",",,W"
"USW00094846","CHICAGO OHARE INTERNATIONAL AIRPORT, IL US","41.995","-87.9336","201.8","2017-08-29","5.37",",,W","0.07",",,W,2400","0.0",",,W","68","H,,S","76",",,W","61",",,W"
"USW00094846","CHICAGO OHARE INTERNATIONAL AIRPORT, IL US","41.995","-87.9336","201.8","2017-08-30","5.59",",,W","0.00",",,W,2400","0.0",",,W","70","H,,S","82",",,W","60",",,W"
"USW00094846","CHICAGO OHARE INTERNATIONAL AIRPORT, IL US","41.995","-87.9336","201.8","2017-08-31","13.42",",,W","0.00",",,W,2400","0.0",",,W","69","H,,S","73",",,W","64",",,W"
"USW00094846","CHICAGO OHARE INTERNATIONAL AIRPORT, IL US","41.995","-87.9336","201.8","2017-09-01","11.86",",,W","0.00",",,W,2400","0.0",",,W","64","H,,S","69",",,W","50",",,W"
"USW00094846","CHICAGO OHARE INTERNATIONAL AIRPORT, IL US","41.995","-87.9336","201.8","2017-09-02","4.70",",,W","0.25",",,W,2400","0.0",",,W","62","H,,S","75",",,W","50",",,W"
"USW00094846","CHICAGO OHARE INTERNATIONAL AIRPORT, IL US","41.995","-87.9336","201.8","2017-09-03","7.38",",,W","0.00",",,W,2400","0.0",",,W","68","H,,S","84",",,W","57",",,W"
"USW00094846","CHICAGO OHARE INTERNATIONAL AIRPORT, IL US","41.995","-87.9336","201.8","2017-09-04","12.75",",,W","0.00","T,,W,2400","0.0",",,W","73","H,,S","82",",,W","62",",,W"
"USW00094846","CHICAGO OHARE INTERNATIONAL AIRPORT, IL US","41.995","-87.9336","201.8","2017-09-05","12.53",",,W","0.00","T,,W,2400","0.0",",,W","63","H,,S","70",",,W","54",",,W"
"USW00094846","CHICAGO OHARE INTERNATIONAL AIRPORT, IL US","41.995","-87.9336","201.8","2017-09-06","10.29",",,W","0.00","T,,W,2400","0.0",",,W","58","H,,S","67",",,W","49",",,W"
"USW00094846","CHICAGO OHARE INTERNATIONAL AIRPORT, IL US","41.995","-87.9336","201.8","2017-09-07","8.50",",,W","0.00",",,W,2400","0.0",",,W","60","H,,S","71",",,W","52",",,W"
"USW00094846","CHICAGO OHARE INTERNATIONAL AIRPORT, IL US","41.995","-87.9336","201.8","2017-09-08","7.38",",,W","0.00","T,,W,2400","0.0",",,W","62","H,,S","69",",,W","58",",,W"
"USW00094846","CHICAGO OHARE INTERNATIONAL AIRPORT, IL US","41.995","-87.9336","201.8","2017-09-09","8.28",",,W","0.00",",,W,2400","0.0",",,W","63","H,,S","72",",,W","54",",,W"
"USW00094846","CHICAGO OHARE INTERNATIONAL AIRPORT, IL US","41.995","-87.9336","201.8","2017-09-10","6.26",",,W","0.00",",,W,2400","0.0",",,W",,,"70",",,W","50",",,W"
"USW00094846","CHICAGO OHARE INTERNATIONAL AIRPORT, IL US","41.995","-87.9336","201.8","2017-09-11","4.70",",,W","0.00",",,W,2400","0.0",",,W","62","H,,S","75",",,W","52",",,W"
"USW00094846","CHICAGO OHARE INTERNATIONAL AIRPORT, IL US","41.995","-87.9336","201.8","2017-09-12","6.93",",,W","0.00",",,W,2400","0.0",",,W","65","H,,S","77",",,W","54",",,W"
"USW00094846","CHICAGO OHARE INTERNATIONAL AIRPORT, IL US","41.995","-87.9336","201.8","2017-09-13","6.49",",,W","0.00","T,,W,2400","0.0",",,W","66","H,,S","77",",,W","58",",,W"
"USW00094846","CHICAGO OHARE INTERNATIONAL AIRPORT, IL US","41.995","-87.9336","201.8","2017-09-14","5.14",",,W","0.00",",,W,2400","0.0",",,W","68","H,,S","81",",,W","59",",,W"
"USW00094846","CHICAGO OHARE INTERNATIONAL AIRPORT, IL US","41.995","-87.9336","201.8","2017-09-15","9.40",",,W","0.00",",,W,2400","0.0",",,W","73","H,,S","87",",,W","62",",,W"
"USW00094846","CHICAGO OHARE INTERNATIONAL AIRPORT, IL US","41.995","-87.9336","201.8","2017-09-16","8.50",",,W","0.00",",,W,2400","0.0",",,W","77","H,,S","88",",,W","65",",,W"
"USW00094846","CHICAGO OHARE INTERNATIONAL AIRPORT, IL US","41.995","-87.9336","201.8","2017-09-17","7.61",",,W","0.00",",,W,2400","0.0",",,W","77","H,,S","86",",,W","63",",,W"
