"STATION","NAME","LATITUDE","LONGITUDE","ELEVATION","DATE","AWND","PRCP","SNOW","TAVG","TMAX","TMIN"
"USW00094846","CHICAGO OHARE INTERNATIONAL AIRPORT, IL US","41.995","-87.9336","201.8","2017-01-01","4.92","0.00","0.0","27","40","17"
"USW00094846","CHICAGO OHARE INTERNATIONAL AIRPORT, IL US","41.995","-87.9336","201.8","2017-01-02","6.26","0.11","0.0","34","40","25"
"USW00094846","CHICAGO OHARE INTERNATIONAL AIRPORT, IL US","41.995","-87.9336","201.8","2017-01-03","10.07","0.00","0.0","38","39","19"
"USW00094846","CHICAGO OHARE INTERNATIONAL AIRPORT, IL US","41.995","-87.9336","201.8","2017-01-04","17.00","0.00","0.0","18","19","7"
"USW00094846","CHICAGO OHARE INTERNATIONAL AIRPORT, IL US","41.995","-87.9336","201.8","2017-01-05","12.75","0.00","0.0","9","13","3"
"USW00094846","CHICAGO OHARE INTERNATIONAL AIRPORT, IL US","41.995","-87.9336","201.8","2017-01-06","10.07","0.00","0.0","4","9","0"
"USW00094846","CHICAGO OHARE INTERNATIONAL AIRPORT, IL US","41.995","-87.9336","201.8","2017-01-07","10.74","0.00","0.0","6","18","0"
"USW00094846","CHICAGO OHARE INTERNATIONAL AIRPORT, IL US","41.995","-87.9336","201.8","2017-01-08","9.62","0.00","0.0","9","19","2"
"USW00094846","CHICAGO OHARE INTERNATIONAL AIRPORT, IL US","41.995","-87.9336","201.8","2017-01-09","12.97","0.02","0.2","22","33","19"
"USW00094846","CHICAGO OHARE INTERNATIONAL AIRPORT, IL US","41.995","-87.9336","201.8","2017-01-10","23.26","0.20","0.0","38","51","25"
"USW00094846","CHICAGO OHARE INTERNATIONAL AIRPORT, IL US","41.995","-87.9336","201.8","2017-01-11","12.08","0.33","0.0","32","43","25"
"USW00094846","CHICAGO OHARE INTERNATIONAL AIRPORT, IL US","41.995","-87.9336","201.8","2017-01-12","11.18","0.05","0.2","26","28","19"
"USW00094846","CHICAGO OHARE INTERNATIONAL AIRPORT, IL US","41.995","-87.9336","201.8","2017-01-13","8.95","0.00","0.0","20","27","16"
"USW00094846","CHICAGO OHARE INTERNATIONAL AIRPORT, IL US","41.995","-87.9336","201.8","2017-01-14","4.70","0.00","0.0","29","35","21"
"USW00094846","CHICAGO OHARE INTERNATIONAL AIRPORT, IL US","41.995","-87.9336","201.8","2017-01-15","2.24","0.00","0.0","26","36","20"
"USW00094846","CHICAGO OHARE INTERNATIONAL AIRPORT, IL US","41.995","-87.9336","201.8","2017-01-16","5.82","0.90","0.0","33","37","30"
"USW00094846","CHICAGO OHARE INTERNATIONAL AIRPORT, IL US","41.995","-87.9336","201.8","2017-01-17","9.62","0.48","0.0","37","39","35"
"USW00094846","CHICAGO OHARE INTERNATIONAL AIRPORT, IL US","41.995","-87.9336","201.8","2017-01-18","9.62","0.00","0.0","35","36","30"
"USW00094846","CHICAGO OHARE INTERNATIONAL AIRPORT, IL US","41.995","-87.9336","201.8","2017-01-19","6.71","0.46","0.0","36","42","30"
"USW00094846","CHICAGO OHARE INTERNATIONAL AIRPORT, IL US","41.995","-87.9336","201.8","2017-01-20","5.82","0.18","0.0","39","43","38"
"USW00094846","CHICAGO OHARE INTERNATIONAL AIRPORT, IL US","41.995","-87.9336","201.8","2017-01-21","8.50","0.00","0.0","48","59","40"
"USW00094846","CHICAGO OHARE INTERNATIONAL AIRPORT, IL US","41.995","-87.9336","201.8","2017-01-22","5.37","0.01","0.0","43","46","38"
"USW00094846","CHICAGO OHARE INTERNATIONAL AIRPORT, IL US","41.995","-87.9336","201.8","2017-01-23","9.40","0.00","0.0","39","42","36"
"USW00094846","CHICAGO OHARE INTERNATIONAL AIRPORT, IL US","41.995","-87.9336","201.8","2017-01-24","7.16","0.00","0.0","37","38","34"
"USW00094846","CHICAGO OHARE INTERNATIONAL AIRPORT, IL US","41.995","-87.9336","201.8","2017-01-25","11.41","0.09","0.0","37","42","34"
"USW00094846","CHICAGO OHARE INTERNATIONAL AIRPORT, IL US","41.995","-87.9336","201.8","2017-01-26","13.42","0.00","0.0","33","34","30"
"USW00094846","CHICAGO OHARE INTERNATIONAL AIRPORT, IL US","41.995","-87.9336","201.8","2017-01-27","14.76","0.00","0.0","28","31","24"
"USW00094846","CHICAGO OHARE INTERNATIONAL AIRPORT, IL US","41.995","-87.9336","201.8","2017-01-28","11.63","0.00","0.0","27","29","24"
"USW00094846","CHICAGO OHARE INTERNATIONAL AIRPORT, IL US","41.995","-87.9336","201.8","2017-01-29","10.51","0.00","0.1","27","28","21"
"USW00094846","CHICAGO OHARE INTERNATIONAL AIRPORT, IL US","41.995","-87.9336","201.8","2017-01-30","10.07","0.01","0.1","22","37","15"
"USW00094846","CHICAGO OHARE INTERNATIONAL AIRPORT, IL US","41.995","-87.9336","201.8","2017-01-31","15.66","0.03","0.0","36","39","35"
"USW00094846","CHICAGO OHARE INTERNATIONAL AIRPORT, IL US","41.995","-87.9336","201.8","2017-02-01","12.30","0.00","0.0","35","38","21"
"USW00094846","CHICAGO OHARE INTERNATIONAL AIRPORT, IL US","41.995","-87.9336","201.8","2017-02-02","13.42","0.00","0.0","21","24","14"
"USW00094846","CHICAGO OHARE INTERNATIONAL AIRPORT, IL US","41.995","-87.9336","201.8","2017-02-03","10.51","0.00","0.0","19","28","14"
"USW00094846","CHICAGO OHARE INTERNATIONAL AIRPORT, IL US","41.995","-87.9336","201.8","2017-02-04","12.53","0.00","0.0","22","33","10"
"USW00094846","CHICAGO OHARE INTERNATIONAL AIRPORT, IL US","41.995","-87.9336","201.8","2017-02-05","8.72","0.00","0.0","33","38","24"
"USW00094846","CHICAGO OHARE INTERNATIONAL AIRPORT, IL US","41.995","-87.9336","201.8","2017-02-06","6.93","0.00","0.0","33","55","21"
"USW00094846","CHICAGO OHARE INTERNATIONAL AIRPORT, IL US","41.995","-87.9336","201.8","2017-02-07","10.51","0.47","0.0","44","50","32"
"USW00094846","CHICAGO OHARE INTERNATIONAL AIRPORT, IL US","41.995","-87.9336","201.8","2017-02-08","11.18","0.00","0.0","31","32","19"
"USW00094846","CHICAGO OHARE INTERNATIONAL AIRPORT, IL US","41.995","-87.9336","201.8","2017-02-09","11.63","0.00","0.0","19","25","13"
"USW00094846","CHICAGO OHARE INTERNATIONAL AIRPORT, IL US","41.995","-87.9336","201.8","2017-02-10","13.65","0.00","0.0","26","41","18"
"USW00094846","CHICAGO OHARE INTERNATIONAL AIRPORT, IL US","41.995","-87.9336","201.8","2017-02-11","6.71","0.00","0.0","41","49","34"
"USW00094846","CHICAGO OHARE INTERNATIONAL AIRPORT, IL US","41.995","-87.9336","201.8","2017-02-12","15.88","0.00","0.0","39","47","31"
"USW00094846","CHICAGO OHARE INTERNATIONAL AIRPORT, IL US","41.995","-87.9336","201.8","2017-02-13","10.29","0.00","0.0","35","44","25"
"USW00094846","CHICAGO OHARE INTERNATIONAL AIRPORT, IL US","41.995","-87.9336","201.8","2017-02-14","14.09","0.00","0.0","40","50","31"
"USW00094846","CHICAGO OHARE INTERNATIONAL AIRPORT, IL US","41.995","-87.9336","201.8","2017-02-15","11.18","0.00","0.0","33","35","26"
"USW00094846","CHICAGO OHARE INTERNATIONAL AIRPORT, IL US","41.995","-87.9336","201.8","2017-02-16","8.95","0.00","0.0","33","41","30"
"USW00094846","CHICAGO OHARE INTERNATIONAL AIRPORT, IL US","41.995","-87.9336","201.8","2017-02-17","8.05","0.00","0.0","43","67","27"
"USW00094846","CHICAGO OHARE INTERNATIONAL AIRPORT, IL US","41.995","-87.9336","201.8","2017-02-18","6.93","0.00","0.0","58","70","40"
"USW00094846","CHICAGO OHARE INTERNATIONAL AIRPORT, IL US","41.995","-87.9336","201.8","2017-02-19","3.80","0.00","0.0","51","69","35"
"USW00094846","CHICAGO OHARE INTERNATIONAL AIRPORT, IL US","41.995","-87.9336","201.8","2017-02-20","12.30","0.00","0.0","53","70","41"
"USW00094846","CHICAGO OHARE INTERNATIONAL AIRPORT, IL US","41.995","-87.9336","201.8","2017-02-21","6.49","0.04","0.0","60","66","49"
"USW00094846","CHICAGO OHARE INTERNATIONAL AIRPORT, IL US","41.995","-87.9336","201.8","2017-02-22","11.86","0.00","0.0","58","68","50"
"USW00094846","CHICAGO OHARE INTERNATIONAL AIRPORT, IL US","41.995","-87.9336","201.8","2017-02-23","12.53","0.21","0.0","52","59","38"
"USW00094846","CHICAGO OHARE INTERNATIONAL AIRPORT, IL US","41.995","-87.9336","201.8","2017-02-24","12.53","0.15","0.0","39","40","33"
"USW00094846","CHICAGO OHARE INTERNATIONAL AIRPORT, IL US","41.995","-87.9336","201.8","2017-02-25","13.87","0.00","0.0","29","33","23"
"USW00094846","CHICAGO OHARE INTERNATIONAL AIRPORT, IL US","41.995","-87.9336","201.8","2017-02-26","13.87","0.00","0.0","32","49","21"
"USW00094846","CHICAGO OHARE INTERNATIONAL AIRPORT, IL US","41.995","-87.9336","201.8","2017-02-27","7.38","0.00","0.0","41","54","27"
"USW00094846","CHICAGO OHARE INTERNATIONAL AIRPORT, IL US","41.995","-87.9336","201.8","2017-02-28","13.65","0.65","0.0","51","60","47"
"USW00094846","CHICAGO OHARE INTERNATIONAL AIRPORT, IL US","41.995","-87.9336","201.8","2017-03-01","14.09","0.12","0.0","47","54","32"
"USW00094846","CHICAGO OHARE INTERNATIONAL AIRPORT, IL US","41.995","-87.9336","201.8","2017-03-02","10.96","0.00","0.0","32","35","27"
"USW00094846","CHICAGO OHARE INTERNATIONAL AIRPORT, IL US","41.995","-87.9336","201.8","2017-03-03","10.29","0.00","0.0","27","33","21"
"USW00094846","CHICAGO OHARE INTERNATIONAL AIRPORT, IL US","41.995","-87.9336","201.8","2017-03-04","14.54","0.01","0.1","33","42","28"
"USW00094846","CHICAGO OHARE INTERNATIONAL AIRPORT, IL US","41.995","-87.9336","201.8","2017-03-05","14.54","0.00","0.0","41","60","32"
"USW00094846","CHICAGO OHARE INTERNATIONAL AIRPORT, IL US","41.995","-87.9336","201.8","2017-03-06","21.03","0.00","0.0","55","65","52"
"USW00094846","CHICAGO OHARE INTERNATIONAL AIRPORT, IL US","41.995","-87.9336","201.8","2017-03-07","19.24","0.24","0.0","55","65","44"
"USW00094846","CHICAGO OHARE INTERNATIONAL AIRPORT, IL US","41.995","-87.9336","201.8","2017-03-08","22.15","0.00","0.0","46","53","40"
"USW00094846","CHICAGO OHARE INTERNATIONAL AIRPORT, IL US","41.995","-87.9336","201.8","2017-03-09","6.93","0.00","0.0","39","42","29"
"USW00094846","CHICAGO OHARE INTERNATIONAL AIRPORT, IL US","41.995","-87.9336","201.8","2017-03-10","14.54","0.00","0.0","32","36","23"
"USW00094846","CHICAGO OHARE INTERNATIONAL AIRPORT, IL US","41.995","-87.9336","201.8","2017-03-11","8.50","0.00","0.0","24","32","18"
"USW00094846","CHICAGO OHARE INTERNATIONAL AIRPORT, IL US","41.995","-87.9336","201.8","2017-03-12","6.93","0.05","0.4","26","36","18"
"USW00094846","CHICAGO OHARE INTERNATIONAL AIRPORT, IL US","41.995","-87.9336","201.8","2017-03-13","10.51","0.24","3.9","29","31","27"
"USW00094846","CHICAGO OHARE INTERNATIONAL AIRPORT, IL US","41.995","-87.9336","201.8","2017-03-14","14.09","0.19","3.4","25","28","19"
"USW00094846","CHICAGO OHARE INTERNATIONAL AIRPORT, IL US","41.995","-87.9336","201.8","2017-03-15","11.41","0.00","0.0","24","33","16"
"USW00094846","CHICAGO OHARE INTERNATIONAL AIRPORT, IL US","41.995","-87.9336","201.8","2017-03-16","6.49","0.00","0.0","29","42","18"
"USW00094846","CHICAGO OHARE INTERNATIONAL AIRPORT, IL US","41.995","-87.9336","201.8","2017-03-17","10.29","0.03","0.0","38","50","36"
"USW00094846","CHICAGO OHARE INTERNATIONAL AIRPORT, IL US","41.995","-87.9336","201.8","2017-03-18","12.97","0.00","0.0","42","45","32"
"USW00094846","CHICAGO OHARE INTERNATIONAL AIRPORT, IL US","41.995","-87.9336","201.8","2017-03-19","8.50","0.00","0.0","41","53","29"
"USW00094846","CHICAGO OHARE INTERNATIONAL AIRPORT, IL US","41.995","-87.9336","201.8","2017-03-20","8.28","0.13","0.0","49","54","37"
"USW00094846","CHICAGO OHARE INTERNATIONAL AIRPORT, IL US","41.995","-87.9336","201.8","2017-03-21","12.30","0.00","0.0","44","54","33"
"USW00094846","CHICAGO OHARE INTERNATIONAL AIRPORT, IL US","41.995","-87.9336","201.8","2017-03-22","11.86","0.00","0.0","33","37","28"
"USW00094846","CHICAGO OHARE INTERNATIONAL AIRPORT, IL US","41.995","-87.9336","201.8","2017-03-23","12.75","0.02","0.0","37","50","29"
"USW00094846","CHICAGO OHARE INTERNATIONAL AIRPORT, IL US","41.995","-87.9336","201.8","2017-03-24","15.66","0.00","0.0","58","82","42"
"USW00094846","CHICAGO OHARE INTERNATIONAL AIRPORT, IL US","41.995","-87.9336","201.8","2017-03-25","11.63","0.71","0.0","43","47","41"
"USW00094846","CHICAGO OHARE INTERNATIONAL AIRPORT, IL US","41.995","-87.9336","201.8","2017-03-26","7.61","0.30","0.0","51","62","47"
"USW00094846","CHICAGO OHARE INTERNATIONAL AIRPORT, IL US","41.995","-87.9336","201.8","2017-03-27","7.38","0.00","0.0","50","52","42"
"USW00094846","CHICAGO OHARE INTERNATIONAL AIRPORT, IL US","41.995","-87.9336","201.8","2017-03-28","10.51","0.00","0.0","44","50","36"
"USW00094846","CHICAGO OHARE INTERNATIONAL AIRPORT, IL US","41.995","-87.9336","201.8","2017-03-29","11.86","0.11","0.0","41","49","35"
"USW00094846","CHICAGO OHARE INTERNATIONAL AIRPORT, IL US","41.995","-87.9336","201.8","2017-03-30","14.54","1.84","0.0","43","45","39"
"USW00094846","CHICAGO OHARE INTERNATIONAL AIRPORT, IL US","41.995","-87.9336","201.8","2017-03-31","14.54","0.02","0.0","39","44","36"
"USW00094846","CHICAGO OHARE INTERNATIONAL AIRPORT, IL US","41.995","-87.9336","201.8","2017-04-01","5.82","0.00","0.0","45","59","34"
"USW00094846","CHICAGO OHARE INTERNATIONAL AIRPORT, IL US","41.995","-87.9336","201.8","2017-04-02","6.04","0.00","0.0","50","61","42"
"USW00094846","CHICAGO OHARE INTERNATIONAL AIRPORT, IL US","41.995","-87.9336","201.8","2017-04-03","8.50","0.19","0.0","50","54","46"
"USW00094846","CHICAGO OHARE INTERNATIONAL AIRPORT, IL US","41.995","-87.9336","201.8","2017-04-04","8.72","0.02","0.0","49","56","43"
"USW00094846","CHICAGO OHARE INTERNATIONAL AIRPORT, IL US","41.995","-87.9336","201.8","2017-04-05","18.12","1.04","0.0","45","47","40"
"USW00094846","CHICAGO OHARE INTERNATIONAL AIRPORT, IL US","41.995","-87.9336","201.8","2017-04-06","17.00","0.29","0.0","43","51","38"
"USW00094846","CHICAGO OHARE INTERNATIONAL AIRPORT, IL US","41.995","-87.9336","201.8","2017-04-07","10.96","0.00","0.0","44","54","37"
"USW00094846","CHICAGO OHARE INTERNATIONAL AIRPORT, IL US","41.995","-87.9336","201.8","2017-04-08","13.87","0.00","0.0","50","68","37"
"USW00094846","CHICAGO OHARE INTERNATIONAL AIRPORT, IL US","41.995","-87.9336","201.8","2017-04-09","18.79","0.00","0.0","64","77","57"
"USW00094846","CHICAGO OHARE INTERNATIONAL AIRPORT, IL US","41.995","-87.9336","201.8","2017-04-10","13.87","0.32","0.0","69","78","41"
"USW00094846","CHICAGO OHARE INTERNATIONAL AIRPORT, IL US","41.995","-87.9336","201.8","2017-04-11","9.40","0.00","0.0","47","54","41"
"USW00094846","CHICAGO OHARE INTERNATIONAL AIRPORT, IL US","41.995","-87.9336","201.8","2017-04-12","7.16","0.00","0.0","48","59","38"
"USW00094846","CHICAGO OHARE INTERNATIONAL AIRPORT, IL US","41.995","-87.9336","201.8","2017-04-13","9.17","0.19","0.0","50","60","44"
"USW00094846","CHICAGO OHARE INTERNATIONAL AIRPORT, IL US","41.995","-87.9336","201.8","2017-04-14","9.40","0.06","0.0","54","66","47"
"USW00094846","CHICAGO OHARE INTERNATIONAL AIRPORT, IL US","41.995","-87.9336","201.8","2017-04-15","16.11","0.09","0.0","70","82","61"
"USW00094846","CHICAGO OHARE INTERNATIONAL AIRPORT, IL US","41.995","-87.9336","201.8","2017-04-16","11.63","0.59","0.0","68","73","52"
"USW00094846","CHICAGO OHARE INTERNATIONAL AIRPORT, IL US","41.995","-87.9336","201.8","2017-04-17","6.93","0.00","0.0","59","69","44"
"USW00094846","CHICAGO OHARE INTERNATIONAL AIRPORT, IL US","41.995","-87.9336","201.8","2017-04-18","11.41","0.00","0.0","55","76","41"
"USW00094846","CHICAGO OHARE INTERNATIONAL AIRPORT, IL US","41.995","-87.9336","201.8","2017-04-19","9.62","0.01","0.0","65","70","45"
"USW00094846","CHICAGO OHARE INTERNATIONAL AIRPORT, IL US","41.995","-87.9336","201.8","2017-04-20","14.99","0.00","0.0","56","73","48"
"USW00094846","CHICAGO OHARE INTERNATIONAL AIRPORT, IL US","41.995","-87.9336","201.8","2017-04-21","12.53","0.00","0.0","50","53","44"
"USW00094846","CHICAGO OHARE INTERNATIONAL AIRPORT, IL US","41.995","-87.9336","201.8","2017-04-22","8.50","0.00","0.0","50","60","38"
"USW00094846","CHICAGO OHARE INTERNATIONAL AIRPORT, IL US","41.995","-87.9336","201.8","2017-04-23","5.82","0.00","0.0","54","72","37"
"USW00094846","CHICAGO OHARE INTERNATIONAL AIRPORT, IL US","41.995","-87.9336","201.8","2017-04-24","7.61","0.00","0.0","55","73","40"
"USW00094846","CHICAGO OHARE INTERNATIONAL AIRPORT, IL US","41.995","-87.9336","201.8","2017-04-25","12.08","0.00","0.0","64","79","52"
"USW00094846","CHICAGO OHARE INTERNATIONAL AIRPORT, IL US","41.995","-87.9336","201.8","2017-04-26","11.41","0.22","0.0","69","74","60"
"USW00094846","CHICAGO OHARE INTERNATIONAL AIRPORT, IL US","41.995","-87.9336","201.8","2017-04-27","15.88","0.14","0.0","54","62","41"
"USW00094846","CHICAGO OHARE INTERNATIONAL AIRPORT, IL US","41.995","-87.9336","201.8","2017-04-28","7.61","0.00","0.0","48","60","40"
"USW00094846","CHICAGO OHARE INTERNATIONAL AIRPORT, IL US","41.995","-87.9336","201.8","2017-04-29","18.79","1.95","0.0","45","46","40"
"USW00094846","CHICAGO OHARE INTERNATIONAL AIRPORT, IL US","41.995","-87.9336","201.8","2017-04-30","13.42","1.32","0.0","44","47","42"
"USW00094846","CHICAGO OHARE INTERNATIONAL AIRPORT, IL US","41.995","-87.9336","201.8","2017-05-01","14.76","0.09","0.0","50","57","45"
"USW00094846","CHICAGO OHARE INTERNATIONAL AIRPORT, IL US","41.995","-87.9336","201.8","2017-05-02","14.76","0.01","0.0","46","51","41"
"USW00094846","CHICAGO OHARE INTERNATIONAL AIRPORT, IL US","41.995","-87.9336","201.8","2017-05-03","6.04","0.00","0.0","48","56","35"
"USW00094846","CHICAGO OHARE INTERNATIONAL AIRPORT, IL US","41.995","-87.9336","201.8","2017-05-04","11.18","0.00","0.0","49","54","43"
"USW00094846","CHICAGO OHARE INTERNATIONAL AIRPORT, IL US","41.995","-87.9336","201.8","2017-05-05","13.42","0.00","0.0","49","61","41"
"USW00094846","CHICAGO OHARE INTERNATIONAL AIRPORT, IL US","41.995","-87.9336","201.8","2017-05-06","12.53","0.11","0.0","51","58","44"
"USW00094846","CHICAGO OHARE INTERNATIONAL AIRPORT, IL US","41.995","-87.9336","201.8","2017-05-07","8.50","0.00","0.0","48","59","36"
"USW00094846","CHICAGO OHARE INTERNATIONAL AIRPORT, IL US","41.995","-87.9336","201.8","2017-05-08","6.93","0.02","0.0","46","57","34"
"USW00094846","CHICAGO OHARE INTERNATIONAL AIRPORT, IL US","41.995","-87.9336","201.8","2017-05-09","6.71","0.13","0.0","48","61","42"
"USW00094846","CHICAGO OHARE INTERNATIONAL AIRPORT, IL US","41.995","-87.9336","201.8","2017-05-10","7.61","0.87","0.0","55","67","44"
"USW00094846","CHICAGO OHARE INTERNATIONAL AIRPORT, IL US","41.995","-87.9336","201.8","2017-05-11","9.17","0.00","0.0","55","65","49"
"USW00094846","CHICAGO OHARE INTERNATIONAL AIRPORT, IL US","41.995","-87.9336","201.8","2017-05-12","6.04","0.00","0.0","59","73","45"
"USW00094846","CHICAGO OHARE INTERNATIONAL AIRPORT, IL US","41.995","-87.9336","201.8","2017-05-13","8.72","0.00","0.0","62","82","47"
"USW00094846","CHICAGO OHARE INTERNATIONAL AIRPORT, IL US","41.995","-87.9336","201.8","2017-05-14","7.83","0.00","0.0","62","71","51"
"USW00094846","CHICAGO OHARE INTERNATIONAL AIRPORT, IL US","41.995","-87.9336","201.8","2017-05-15","8.95","0.02","0.0","62","82","50"
"USW00094846","CHICAGO OHARE INTERNATIONAL AIRPORT, IL US","41.995","-87.9336","201.8","2017-05-16","14.54","0.00","0.0","74","87","61"
"USW00094846","CHICAGO OHARE INTERNATIONAL AIRPORT, IL US","41.995","-87.9336","201.8","2017-05-17","20.13","0.37","0.0","78","84","62"
"USW00094846","CHICAGO OHARE INTERNATIONAL AIRPORT, IL US","41.995","-87.9336","201.8","2017-05-18","19.01","0.00","0.0","74","78","48"
"USW00094846","CHICAGO OHARE INTERNATIONAL AIRPORT, IL US","41.995","-87.9336","201.8","2017-05-19","16.11","0.23","0.0","48","50","43"
"USW00094846","CHICAGO OHARE INTERNATIONAL AIRPORT, IL US","41.995","-87.9336","201.8","2017-05-20","10.51","0.34","0.0","51","64","48"
"USW00094846","CHICAGO OHARE INTERNATIONAL AIRPORT, IL US","41.995","-87.9336","201.8","2017-05-21","12.75","0.05","0.0","61","65","51"
"USW00094846","CHICAGO OHARE INTERNATIONAL AIRPORT, IL US","41.995","-87.9336","201.8","2017-05-22","12.75","0.01","0.0","58","73","48"
"USW00094846","CHICAGO OHARE INTERNATIONAL AIRPORT, IL US","41.995","-87.9336","201.8","2017-05-23","6.71","0.33","0.0","61","62","55"
"USW00094846","CHICAGO OHARE INTERNATIONAL AIRPORT, IL US","41.995","-87.9336","201.8","2017-05-24","14.09","0.17","0.0","57","62","53"
"USW00094846","CHICAGO OHARE INTERNATIONAL AIRPORT, IL US","41.995","-87.9336","201.8","2017-05-25","8.72","0.00","0.0","59","69","52"
"USW00094846","CHICAGO OHARE INTERNATIONAL AIRPORT, IL US","41.995","-87.9336","201.8","2017-05-26","7.61","0.53","0.0","60","71","52"
"USW00094846","CHICAGO OHARE INTERNATIONAL AIRPORT, IL US","41.995","-87.9336","201.8","2017-05-27","5.37","0.00","0.0","62","78","52"
"USW00094846","CHICAGO OHARE INTERNATIONAL AIRPORT, IL US","41.995","-87.9336","201.8","2017-05-28","6.93","0.00","0.0","68","77","56"
"USW00094846","CHICAGO OHARE INTERNATIONAL AIRPORT, IL US","41.995","-87.9336","201.8","2017-05-29","11.63","0.00","0.0","69","77","55"
"USW00094846","CHICAGO OHARE INTERNATIONAL AIRPORT, IL US","41.995","-87.9336","201.8","2017-05-30","11.63","0.00","0.0","64","74","54"
"USW00094846","CHICAGO OHARE INTERNATIONAL AIRPORT, IL US","41.995","-87.9336","201.8","2017-05-31","10.51","0.00","0.0","64","74","52"
"USW00094846","CHICAGO OHARE INTERNATIONAL AIRPORT, IL US","41.995","-87.9336","201.8","2017-06-01","4.70","0.00","0.0","66","81","51"
"USW00094846","CHICAGO OHARE INTERNATIONAL AIRPORT, IL US","41.995","-87.9336","201.8","2017-06-02","5.37","0.00","0.0","71","86","53"
"USW00094846","CHICAGO OHARE INTERNATIONAL AIRPORT, IL US","41.995","-87.9336","201.8","2017-06-03","6.04","0.00","0.0","73","84","57"
"USW00094846","CHICAGO OHARE INTERNATIONAL AIRPORT, IL US","41.995","-87.9336","201.8","2017-06-04","8.50","0.00","0.0","80","92","66"
"USW00094846","CHICAGO OHARE INTERNATIONAL AIRPORT, IL US","41.995","-87.9336","201.8","2017-06-05","14.09","0.00","0.0","70","75","59"
"USW00094846","CHICAGO OHARE INTERNATIONAL AIRPORT, IL US","41.995","-87.9336","201.8","2017-06-06","13.87","0.00","0.0","65","76","54"
"USW00094846","CHICAGO OHARE INTERNATIONAL AIRPORT, IL US","41.995","-87.9336","201.8","2017-06-07","8.05","0.00","0.0","67","77","56"
"USW00094846","CHICAGO OHARE INTERNATIONAL AIRPORT, IL US","41.995","-87.9336","201.8","2017-06-08","4.25","0.06","0.0","69","83","53"
"USW00094846","CHICAGO OHARE INTERNATIONAL AIRPORT, IL US","41.995","-87.9336","201.8","2017-06-09","8.95","0.00","0.0","74","87","65"
"USW00094846","CHICAGO OHARE INTERNATIONAL AIRPORT, IL US","41.995","-87.9336","201.8","2017-06-10","14.09","0.00","0.0","76","90","64"
"USW00094846","CHICAGO OHARE INTERNATIONAL AIRPORT, IL US","41.995","-87.9336","201.8","2017-06-11","14.99","0.00","0.0","82","93","73"
"USW00094846","CHICAGO OHARE INTERNATIONAL AIRPORT, IL US","41.995","-87.9336","201.8","2017-06-12","11.63","0.00","0.0","85","95","73"
"USW00094846","CHICAGO OHARE INTERNATIONAL AIRPORT, IL US","41.995","-87.9336","201.8","2017-06-13","6.93","0.00","0.0","80","88","68"
"USW00094846","CHICAGO OHARE INTERNATIONAL AIRPORT, IL US","41.995","-87.9336","201.8","2017-06-14","9.84","0.59","0.0","77","92","68"
"USW00094846","CHICAGO OHARE INTERNATIONAL AIRPORT, IL US","41.995","-87.9336","201.8","2017-06-15","7.83","0.07","0.0","76","91","68"
"USW00094846","CHICAGO OHARE INTERNATIONAL AIRPORT, IL US","41.995","-87.9336","201.8","2017-06-16","10.29","0.22","0.0","77","86","67"
"USW00094846","CHICAGO OHARE INTERNATIONAL AIRPORT, IL US","41.995","-87.9336","201.8","2017-06-17","8.50","0.42","0.0","78","87","69"
"USW00094846","CHICAGO OHARE INTERNATIONAL AIRPORT, IL US","41.995","-87.9336","201.8","2017-06-18","13.65","0.00","0.0","74","79","69"
"USW00094846","CHICAGO OHARE INTERNATIONAL AIRPORT, IL US","41.995","-87.9336","201.8","2017-06-19","10.07","0.03","0.0","70","80","62"
"USW00094846","CHICAGO OHARE INTERNATIONAL AIRPORT, IL US","41.995","-87.9336","201.8","2017-06-20","9.62","0.00","0.0","67","80","58"
"USW00094846","CHICAGO OHARE INTERNATIONAL AIRPORT, IL US","41.995","-87.9336","201.8","2017-06-21","7.16","0.00","0.0","68","80","55"
"USW00094846","CHICAGO OHARE INTERNATIONAL AIRPORT, IL US","41.995","-87.9336","201.8","2017-06-22","14.54","0.00","0.0","78","88","68"
"USW00094846","CHICAGO OHARE INTERNATIONAL AIRPORT, IL US","41.995","-87.9336","201.8","2017-06-23","12.30","0.71","0.0","77","83","66"
"USW00094846","CHICAGO OHARE INTERNATIONAL AIRPORT, IL US","41.995","-87.9336","201.8","2017-06-24","12.30","0.02","0.0","70","75","59"
"USW00094846","CHICAGO OHARE INTERNATIONAL AIRPORT, IL US","41.995","-87.9336","201.8","2017-06-25","12.75","0.00","0.0","64","72","54"
"USW00094846","CHICAGO OHARE INTERNATIONAL AIRPORT, IL US","41.995","-87.9336","201.8","2017-06-26","12.30","0.00","0.0","64","75","54"
"USW00094846","CHICAGO OHARE INTERNATIONAL AIRPORT, IL US","41.995","-87.9336","201.8","2017-06-27","6.71","0.00","0.0","65","78","50"
"USW00094846","CHICAGO OHARE INTERNATIONAL AIRPORT, IL US","41.995","-87.9336","201.8","2017-06-28","15.21","1.30","0.0","68","80","58"
"USW00094846","CHICAGO OHARE INTERNATIONAL AIRPORT, IL US","41.995","-87.9336","201.8","2017-06-29","11.41","0.02","0.0","74","81","66"
"USW00094846","CHICAGO OHARE INTERNATIONAL AIRPORT, IL US","41.995","-87.9336","201.8","2017-06-30","6.49","0.00","0.0","73","84","64"
"USW00094846","CHICAGO OHARE INTERNATIONAL AIRPORT, IL US","41.995","-87.9336","201.8","2017-07-01","10.51","0.00","0.0","75","82","66"
"USW00094846","CHICAGO OHARE INTERNATIONAL AIRPORT, IL US","41.995","-87.9336","201.8","2017-07-02","9.62","0.00","0.0","74","89","62"
"USW00094846","CHICAGO OHARE INTERNATIONAL AIRPORT, IL US","41.995","-87.9336","201.8","2017-07-03","8.72","0.04","0.0","73","80","66"
"USW00094846","CHICAGO OHARE INTERNATIONAL AIRPORT, IL US","41.995","-87.9336","201.8","2017-07-04","7.38","0.00","0.0","72","83","64"
"USW00094846","CHICAGO OHARE INTERNATIONAL AIRPORT, IL US","41.995","-87.9336","201.8","2017-07-05","5.82","0.00","0.0","76","89","65"
"USW00094846","CHICAGO OHARE INTERNATIONAL AIRPORT, IL US","41.995","-87.9336","201.8","2017-07-06","7.16","0.00","0.0","81","93","69"
"USW00094846","CHICAGO OHARE INTERNATIONAL AIRPORT, IL US","41.995","-87.9336","201.8","2017-07-07","8.50","0.00","0.0","81","89","63"
"USW00094846","CHICAGO OHARE INTERNATIONAL AIRPORT, IL US","41.995","-87.9336","201.8","2017-07-08","6.71","0.00","0.0","71","80","62"
"USW00094846","CHICAGO OHARE INTERNATIONAL AIRPORT, IL US","41.995","-87.9336","201.8","2017-07-09","8.28","0.00","0.0","73","86","63"
"USW00094846","CHICAGO OHARE INTERNATIONAL AIRPORT, IL US","41.995","-87.9336","201.8","2017-07-10","6.71","0.73","0.0","77","84","67"
"USW00094846","CHICAGO OHARE INTERNATIONAL AIRPORT, IL US","41.995","-87.9336","201.8","2017-07-11","5.59","0.56","0.0","76","85","70"
"USW00094846","CHICAGO OHARE INTERNATIONAL AIRPORT, IL US","41.995","-87.9336","201.8","2017-07-12","10.51","1.77","0.0","75","81","68"
"USW00094846","CHICAGO OHARE INTERNATIONAL AIRPORT, IL US","41.995","-87.9336","201.8","2017-07-13","10.51","0.00","0.0","78","83","72"
"USW00094846","CHICAGO OHARE INTERNATIONAL AIRPORT, IL US","41.995","-87.9336","201.8","2017-07-14","8.72","0.00","0.0","71","73","63"
"USW00094846","CHICAGO OHARE INTERNATIONAL AIRPORT, IL US","41.995","-87.9336","201.8","2017-07-15","5.82","0.00","0.0","70","81","60"
"USW00094846","CHICAGO OHARE INTERNATIONAL AIRPORT, IL US","41.995","-87.9336","201.8","2017-07-16","11.63","0.00","0.0","72","78","60"
"USW00094846","CHICAGO OHARE INTERNATIONAL AIRPORT, IL US","41.995","-87.9336","201.8","2017-07-17","6.26","0.00","0.0","67","79","56"
"USW00094846","CHICAGO OHARE INTERNATIONAL AIRPORT, IL US","41.995","-87.9336","201.8","2017-07-18","4.03","0.00","0.0","74","89","60"
"USW00094846","CHICAGO OHARE INTERNATIONAL AIRPORT, IL US","41.995","-87.9336","201.8","2017-07-19","7.61","0.48","0.0","80","88","70"
"USW00094846","CHICAGO OHARE INTERNATIONAL AIRPORT, IL US","41.995","-87.9336","201.8","2017-07-20","7.83","1.77","0.0","77","88","69"
"USW00094846","CHICAGO OHARE INTERNATIONAL AIRPORT, IL US","41.995","-87.9336","201.8","2017-07-21","6.93","1.43","0.0","80","89","72"
"USW00094846","CHICAGO OHARE INTERNATIONAL AIRPORT, IL US","41.995","-87.9336","201.8","2017-07-22","8.50","0.66","0.0","77","88","72"
"USW00094846","CHICAGO OHARE INTERNATIONAL AIRPORT, IL US","41.995","-87.9336","201.8","2017-07-23","5.82","0.21","0.0","79","90","70"
"USW00094846","CHICAGO OHARE INTERNATIONAL AIRPORT, IL US","41.995","-87.9336","201.8","2017-07-24","10.96","0.00","0.0","71","74","66"
"USW00094846","CHICAGO OHARE INTERNATIONAL AIRPORT, IL US","41.995","-87.9336","201.8","2017-07-25","8.05","0.00","0.0","71","82","61"
"USW00094846","CHICAGO OHARE INTERNATIONAL AIRPORT, IL US","41.995","-87.9336","201.8","2017-07-26","7.16","0.03","0.0","75","85","65"
"USW00094846","CHICAGO OHARE INTERNATIONAL AIRPORT, IL US","41.995","-87.9336","201.8","2017-07-27","11.18","0.00","0.0","78","82","70"
"USW00094846","CHICAGO OHARE INTERNATIONAL AIRPORT, IL US","41.995","-87.9336","201.8","2017-07-28","13.87","0.00","0.0","74","79","67"
"USW00094846","CHICAGO OHARE INTERNATIONAL AIRPORT, IL US","41.995","-87.9336","201.8","2017-07-29","9.84","0.00","0.0","72","79","64"
"USW00094846","CHICAGO OHARE INTERNATIONAL AIRPORT, IL US","41.995","-87.9336","201.8","2017-07-30","5.14","0.00","0.0","73","84","62"
"USW00094846","CHICAGO OHARE INTERNATIONAL AIRPORT, IL US","41.995","-87.9336","201.8","2017-07-31","2.91","0.00","0.0","76","86","65"
"USW00094846","CHICAGO OHARE INTERNATIONAL AIRPORT, IL US","41.995","-87.9336","201.8","2017-08-01","5.37","0.92","0.0","76","86","67"
"USW00094846","CHICAGO OHARE INTERNATIONAL AIRPORT, IL US","41.995","-87.9336","201.8","2017-08-02","6.93","0.00","0.0","77","87","66"
"USW00094846","CHICAGO OHARE INTERNATIONAL AIRPORT, IL US","41.995","-87.9336","201.8","2017-08-03","9.17","0.88","0.0","75","84","61"
"USW00094846","CHICAGO OHARE INTERNATIONAL AIRPORT, IL US","41.995","-87.9336","201.8","2017-08-04","13.87","0.00","0.0","63","68","56"
"USW00094846","CHICAGO OHARE INTERNATIONAL AIRPORT, IL US","41.995","-87.9336","201.8","2017-08-05","7.38","0.00","0.0","68","80","60"
"USW00094846","CHICAGO OHARE INTERNATIONAL AIRPORT, IL US","41.995","-87.9336","201.8","2017-08-06","4.03","0.00","0.0","71","77","63"
"USW00094846","CHICAGO OHARE INTERNATIONAL AIRPORT, IL US","41.995","-87.9336","201.8","2017-08-07","7.83","0.00","0.0","69","76","61"
"USW00094846","CHICAGO OHARE INTERNATIONAL AIRPORT, IL US","41.995","-87.9336","201.8","2017-08-08","5.59","0.00","0.0","70","84","58"
"USW00094846","CHICAGO OHARE INTERNATIONAL AIRPORT, IL US","41.995","-87.9336","201.8","2017-08-09","5.14","0.00","0.0","73","83","61"
"USW00094846","CHICAGO OHARE INTERNATIONAL AIRPORT, IL US","41.995","-87.9336","201.8","2017-08-10","8.28","0.03","0.0","74","84","62"
"USW00094846","CHICAGO OHARE INTERNATIONAL AIRPORT, IL US","41.995","-87.9336","201.8","2017-08-11","9.40","0.00","0.0","71","78","65"
"USW00094846","CHICAGO OHARE INTERNATIONAL AIRPORT, IL US","41.995","-87.9336","201.8","2017-08-12","7.38","0.00","0.0","68","77","60"
"USW00094846","CHICAGO OHARE INTERNATIONAL AIRPORT, IL US","41.995","-87.9336","201.8","2017-08-13","4.03","0.00","0.0","69","80","57"
"USW00094846","CHICAGO OHARE INTERNATIONAL AIRPORT, IL US","41.995","-87.9336","201.8","2017-08-14","4.25","0.00","0.0","72","83","62"
"USW00094846","CHICAGO OHARE INTERNATIONAL AIRPORT, IL US","41.995","-87.9336","201.8","2017-08-15","7.61","0.00","0.0","75","84","68"
"USW00094846","CHICAGO OHARE INTERNATIONAL AIRPORT, IL US","41.995","-87.9336","201.8","2017-08-16","8.05","0.17","0.0","75","88","67"
"USW00094846","CHICAGO OHARE INTERNATIONAL AIRPORT, IL US","41.995","-87.9336","201.8","2017-08-17","14.32","0.02","0.0","77","82","72"
"USW00094846","CHICAGO OHARE INTERNATIONAL AIRPORT, IL US","41.995","-87.9336","201.8","2017-08-18","10.96","0.00","0.0","74","82","67"
"USW00094846","CHICAGO OHARE INTERNATIONAL AIRPORT, IL US","41.995","-87.9336","201.8","2017-08-19","4.92","0.00","0.0","74","86","63"
"USW00094846","CHICAGO OHARE INTERNATIONAL AIRPORT, IL US","41.995","-87.9336","201.8","2017-08-20","5.82","0.00","0.0","75","90","63"
"USW00094846","CHICAGO OHARE INTERNATIONAL AIRPORT, IL US","41.995","-87.9336","201.8","2017-08-21","8.50","0.03","0.0","78","87","71"
"USW00094846","CHICAGO OHARE INTERNATIONAL AIRPORT, IL US","41.995","-87.9336","201.8","2017-08-22","13.42","0.02","0.0","76","82","64"
"USW00094846","CHICAGO OHARE INTERNATIONAL AIRPORT, IL US","41.995","-87.9336","201.8","2017-08-23","9.17","0.00","0.0","70","79","60"
"USW00094846","CHICAGO OHARE INTERNATIONAL AIRPORT, IL US","41.995","-87.9336","201.8","2017-08-24","8.50","0.00","0.0","67","75","56"
"USW00094846","CHICAGO OHARE INTERNATIONAL AIRPORT, IL US","41.995","-87.9336","201.8","2017-08-25","5.37","0.00","0.0","64","74","52"
"USW00094846","CHICAGO OHARE INTERNATIONAL AIRPORT, IL US","41.995","-87.9336","201.8","2017-08-26","7.16","0.00","0.0","67","78","56"
"USW00094846","CHICAGO OHARE INTERNATIONAL AIRPORT, IL US","41.995","-87.9336","201.8","2017-08-27","8.50","0.01","0.0","68","78","62"
"USW00094846","CHICAGO OHARE INTERNATIONAL AIRPORT, IL US","41.995","-87.9336","201.8","2017-08-28","5.82","0.36","0.0","70","80","64"
"USW00094846","CHICAGO OHARE INTERNATIONAL AIRPORT, IL US","41.995","-87.9336","201.8","2017-08-29","5.37","0.07","0.0","68","76","61"
"USW00094846","CHICAGO OHARE INTERNATIONAL AIRPORT, IL US","41.995","-87.9336","201.8","2017-08-30","5.59","0.00","0.0","70","82","60"
"USW00094846","CHICAGO OHARE INTERNATIONAL AIRPORT, IL US","41.995","-87.9336","201.8","2017-08-31","13.42","0.00","0.0","69","73","64"
"USW00094846","CHICAGO OHARE INTERNATIONAL AIRPORT, IL US","41.995","-87.9336","201.8","2017-09-01","11.86","0.00","0.0","64","69","50"
"USW00094846","CHICAGO OHARE INTERNATIONAL AIRPORT, IL US","41.995","-87.9336","201.8","2017-09-02","4.70","0.25","0.0","62","75","50"
"USW00094846","CHICAGO OHARE INTERNATIONAL AIRPORT, IL US","41.995","-87.9336","201.8","2017-09-03","7.38","0.00","0.0","68","84","57"
"USW00094846","CHICAGO OHARE INTERNATIONAL AIRPORT, IL US","41.995","-87.9336","201.8","2017-09-04","12.75","0.00","0.0","73","82","62"
"USW00094846","CHICAGO OHARE INTERNATIONAL AIRPORT, IL US","41.995","-87.9336","201.8","2017-09-05","12.53","0.00","0.0","63","70","54"
"USW00094846","CHICAGO OHARE INTERNATIONAL AIRPORT, IL US","41.995","-87.9336","201.8","2017-09-06","10.29","0.00","0.0","58","67","49"
"USW00094846","CHICAGO OHARE INTERNATIONAL AIRPORT, IL US","41.995","-87.9336","201.8","2017-09-07","8.50","0.00","0.0","60","71","52"
"USW00094846","CHICAGO OHARE INTERNATIONAL AIRPORT, IL US","41.995","-87.9336","201.8","2017-09-08","7.38","0.00","0.0","62","69","58"
"USW00094846","CHICAGO OHARE INTERNATIONAL AIRPORT, IL US","41.995","-87.9336","201.8","2017-09-09","8.28","0.00","0.0","63","72","54"
"USW00094846","CHICAGO OHARE INTERNATIONAL AIRPORT, IL US","41.995","-87.9336","201.8","2017-09-10","6.26","0.00","0.0",,"70","50"
"USW00094846","CHICAGO OHARE INTERNATIONAL AIRPORT, IL US","41.995","-87.9336","201.8","2017-09-11","4.70","0.00","0.0","62","75","52"
"USW00094846","CHICAGO OHARE INTERNATIONAL AIRPORT, IL US","41.995","-87.9336","201.8","2017-09-12","6.93","0.00","0.0","65","77","54"
"USW00094846","CHICAGO OHARE INTERNATIONAL AIRPORT, IL US","41.995","-87.9336","201.8","2017-09-13","6.49","0.00","0.0","66","77","58"
"USW00094846","CHICAGO OHARE INTERNATIONAL AIRPORT, IL US","41.995","-87.9336","201.8","2017-09-14","5.14","0.00","0.0","68","81","59"
"USW00094846","CHICAGO OHARE INTERNATIONAL AIRPORT, IL US","41.995","-87.9336","201.8","2017-09-15","9.40","0.00","0.0","73","87","62"
"USW00094846","CHICAGO OHARE INTERNATIONAL AIRPORT, IL US","41.995","-87.9336","201.8","2017-09-16","8.50","0.00","0.0","77","88","65"
"USW00094846","CHICAGO OHARE INTERNATIONAL AIRPORT, IL US","41.995","-87.9336","201.8","2017-09-17","7.61","0.00","0.0","77","86","63"
